Date,TSLA,BYDDY,LCID,VOW3.DE,RIVN,BMW.DE,MBG.DE
2023-02-15 23:00:00+00:00,,,,104.49314880371094,,86.12541961669922,62.348052978515625
2023-02-16 05:00:00+00:00,202.0399932861328,58.914634704589844,10.630000114440918,,20.68000030517578,,
2023-02-16 23:00:00+00:00,,,,104.68462371826172,,86.56803131103516,64.11764526367188
2023-02-17 05:00:00+00:00,208.30999755859375,57.43442153930664,10.930000305175781,,20.219999313354492,,
2023-02-19 23:00:00+00:00,,,,105.8653335571289,,86.49859619140625,64.31522369384766
2023-02-20 23:00:00+00:00,,,,104.57293701171875,,85.65677642822266,64.07469177246094
2023-02-21 05:00:00+00:00,197.3699951171875,56.38552474975586,9.899999618530273,,19.079999923706055,,
2023-02-21 23:00:00+00:00,,,,104.66865539550781,,85.4224624633789,63.550689697265625
2023-02-22 05:00:00+00:00,200.86000061035156,55.85617446899414,9.979999542236328,,19.020000457763672,,
2023-02-22 23:00:00+00:00,,,,105.22710418701172,,86.48123931884766,63.66236114501953
2023-02-23 05:00:00+00:00,202.07000732421875,55.34642791748047,8.789999961853027,,18.18000030517578,,
2023-02-23 23:00:00+00:00,,,,101.95622253417969,,84.3463363647461,61.798282623291016
2023-02-24 05:00:00+00:00,196.8800048828125,54.43477249145508,8.510000228881836,,17.31999969482422,,
2023-02-26 23:00:00+00:00,,,,103.1847915649414,,85.18814849853516,62.35664367675781
2023-02-27 05:00:00+00:00,207.6300048828125,53.6113395690918,8.760000228881836,,18.450000762939453,,
2023-02-27 23:00:00+00:00,,,,103.04119873046875,,84.83232116699219,62.40818786621094
2023-02-28 05:00:00+00:00,205.7100067138672,52.70948791503906,9.130000114440918,,19.299999237060547,,
2023-02-28 23:00:00+00:00,,,,102.51465606689453,,86.21220397949219,62.9923210144043
2023-03-01 05:00:00+00:00,202.77000427246094,55.35623550415039,8.619999885559082,,15.760000228881836,,
2023-03-01 23:00:00+00:00,,,,102.61038970947266,,86.22088623046875,63.2414436340332
2023-03-02 05:00:00+00:00,190.89999389648438,56.49335479736328,8.529999732971191,,15.720000267028809,,
2023-03-02 23:00:00+00:00,,,,113.44422912597656,,88.06941223144531,64.9337158203125
2023-03-03 05:00:00+00:00,197.7899932861328,56.8266487121582,8.9399995803833,,16.920000076293945,,
2023-03-05 23:00:00+00:00,,,,111.43382263183594,,88.05204772949219,65.08834075927734
2023-03-06 05:00:00+00:00,193.80999755859375,56.32670593261719,8.819999694824219,,17.1299991607666,,
2023-03-06 23:00:00+00:00,,,,110.7317886352539,,87.65283203125,64.71895599365234
2023-03-07 05:00:00+00:00,187.7100067138672,54.679840087890625,8.3100004196167,,14.640000343322754,,
2023-03-07 23:00:00+00:00,,,,111.73698425292969,,87.61811828613281,64.52997589111328
2023-03-08 05:00:00+00:00,182.0,54.395565032958984,8.34000015258789,,15.130000114440918,,
2023-03-08 23:00:00+00:00,,,,109.45533752441406,,86.3770980834961,64.22931671142578
2023-03-09 05:00:00+00:00,172.9199981689453,53.425086975097656,8.0,,14.529999732971191,,
2023-03-09 23:00:00+00:00,,,,107.78001403808594,,85.33567810058594,63.59363555908203
2023-03-10 05:00:00+00:00,173.44000244140625,50.298004150390625,7.869999885559082,,14.15999984741211,,
2023-03-12 23:00:00+00:00,,,,104.07830810546875,,82.13330841064453,61.57493209838867
2023-03-13 04:00:00+00:00,174.47999572753906,49.01384353637695,7.840000152587891,,13.729999542236328,,
2023-03-13 23:00:00+00:00,,,,102.43488311767578,,82.96644592285156,62.554222106933594
2023-03-14 04:00:00+00:00,183.25999450683594,49.81766891479492,7.539999961853027,,13.210000038146973,,
2023-03-14 23:00:00+00:00,,,,98.27047729492188,,82.17670440673828,60.260623931884766
2023-03-15 04:00:00+00:00,180.4499969482422,49.20009231567383,7.400000095367432,,13.029999732971191,,
2023-03-15 23:00:00+00:00,,,,97.74393463134766,,83.11397552490234,60.441017150878906
2023-03-16 04:00:00+00:00,184.1300048828125,50.63129806518555,7.829999923706055,,13.460000038146973,,
2023-03-16 23:00:00+00:00,,,,96.08455657958984,,82.31555938720703,59.49609375
2023-03-17 04:00:00+00:00,180.1300048828125,50.48426055908203,7.690000057220459,,13.010000228881836,,
2023-03-19 23:00:00+00:00,,,,95.92499542236328,,82.97512817382812,59.39300537109375
2023-03-20 04:00:00+00:00,183.25,50.298004150390625,7.699999809265137,,13.020000457763672,,
2023-03-20 23:00:00+00:00,,,,98.27047729492188,,84.47650146484375,60.544097900390625
2023-03-21 04:00:00+00:00,197.5800018310547,50.68031311035156,8.1899995803833,,13.609999656677246,,
2023-03-21 23:00:00+00:00,,,,98.76509857177734,,85.22285461425781,61.13682556152344
2023-03-22 04:00:00+00:00,191.14999389648438,51.19005584716797,7.929999828338623,,13.289999961853027,,
2023-03-22 23:00:00+00:00,,,,97.63224029541016,,85.76960754394531,60.750267028808594
2023-03-23 04:00:00+00:00,192.22000122070312,52.327178955078125,8.1899995803833,,13.710000038146973,,
2023-03-23 23:00:00+00:00,,,,94.93575286865234,,84.84100341796875,59.831111907958984
2023-03-24 04:00:00+00:00,190.41000366210938,52.474220275878906,8.1899995803833,,13.619999885559082,,
2023-03-26 22:00:00+00:00,,,,96.41962432861328,,85.61338806152344,61.40312576293945
2023-03-27 04:00:00+00:00,191.80999755859375,51.876251220703125,8.140000343322754,,13.3100004196167,,
2023-03-27 22:00:00+00:00,,,,97.23336029052734,,85.7348861694336,61.75532913208008
2023-03-28 04:00:00+00:00,189.19000244140625,54.140689849853516,7.550000190734863,,12.960000038146973,,
2023-03-28 22:00:00+00:00,,,,97.80775451660156,,85.85638427734375,60.441017150878906
2023-03-29 04:00:00+00:00,193.8800048828125,55.19939041137695,7.699999809265137,,14.239999771118164,,
2023-03-29 22:00:00+00:00,,,,99.4671401977539,,87.3751220703125,60.913482666015625
2023-03-30 04:00:00+00:00,195.27999877929688,57.27757263183594,7.619999885559082,,14.399999618530273,,
2023-03-30 22:00:00+00:00,,,,100.2330093383789,,87.60076904296875,60.80180358886719
2023-03-31 04:00:00+00:00,207.4600067138672,57.67948913574219,8.039999961853027,,15.479999542236328,,
2023-04-02 22:00:00+00:00,,,,100.40852355957031,,87.42720031738281,60.483970642089844
2023-04-03 04:00:00+00:00,194.77000427246094,57.81672668457031,7.900000095367432,,15.229999542236328,,
2023-04-03 22:00:00+00:00,,,,100.04154968261719,,87.94790649414062,60.509742736816406
2023-04-04 04:00:00+00:00,192.5800018310547,57.17955017089844,7.900000095367432,,15.380000114440918,,
2023-04-04 22:00:00+00:00,,,,98.98847961425781,,85.9952392578125,58.78310012817383
2023-04-05 04:00:00+00:00,185.52000427246094,56.10124588012695,7.699999809265137,,14.630000114440918,,
2023-04-05 22:00:00+00:00,,,,98.49385070800781,,85.58735656738281,58.25909423828125
2023-04-06 04:00:00+00:00,185.05999755859375,57.061912536621094,7.699999809265137,,14.470000267028809,,
2023-04-10 04:00:00+00:00,184.50999450683594,56.8266487121582,8.029999732971191,,14.8100004196167,,
2023-04-10 22:00:00+00:00,,,,100.12132263183594,,87.58341217041016,59.169654846191406
2023-04-11 04:00:00+00:00,186.7899932861328,56.679603576660156,8.460000038146973,,14.739999771118164,,
2023-04-11 22:00:00+00:00,,,,100.13726806640625,,89.11082458496094,59.56481170654297
2023-04-12 04:00:00+00:00,180.5399932861328,54.50339126586914,8.130000114440918,,14.1899995803833,,
2023-04-12 22:00:00+00:00,,,,100.58403015136719,,88.79840087890625,59.95137405395508
2023-04-13 04:00:00+00:00,185.89999389648438,55.65031433105469,8.25,,14.369999885559082,,
2023-04-13 22:00:00+00:00,,,,101.87643432617188,,89.97867584228516,60.483970642089844
2023-04-14 04:00:00+00:00,185.0,55.97380828857422,7.730000019073486,,13.380000114440918,,
2023-04-16 22:00:00+00:00,,,,101.23821258544922,,89.56210327148438,59.48750305175781
2023-04-17 04:00:00+00:00,187.0399932861328,57.5716552734375,7.949999809265137,,13.729999542236328,,
2023-04-17 22:00:00+00:00,,,,100.98291778564453,,90.34317016601562,60.27779769897461
2023-04-18 04:00:00+00:00,184.30999755859375,57.32658767700195,7.829999923706055,,13.430000305175781,,
2023-04-18 22:00:00+00:00,,,,100.08940887451172,,90.06546020507812,60.65576934814453
2023-04-19 04:00:00+00:00,180.58999633789062,58.13041687011719,7.619999885559082,,12.819999694824219,,
2023-04-19 22:00:00+00:00,,,,96.99402618408203,,86.8023452758789,58.611297607421875
2023-04-20 04:00:00+00:00,162.99000549316406,56.3169059753418,7.070000171661377,,12.350000381469727,,
2023-04-20 22:00:00+00:00,,,,97.24932098388672,,87.30569458007812,59.45314025878906
2023-04-21 04:00:00+00:00,165.0800018310547,55.63071060180664,7.03000020980835,,12.25,,
2023-04-23 22:00:00+00:00,,,,97.32908630371094,,87.79169464111328,60.03727340698242
2023-04-24 04:00:00+00:00,162.5500030517578,57.120731353759766,7.0,,12.359999656677246,,
2023-04-24 22:00:00+00:00,,,,96.32389068603516,,88.0346908569336,59.925601959228516
2023-04-25 04:00:00+00:00,160.6699981689453,54.983726501464844,6.739999771118164,,12.0,,
2023-04-25 22:00:00+00:00,,,,96.70682525634766,,87.65283203125,60.18330764770508
2023-04-26 04:00:00+00:00,153.75,57.650081634521484,7.21999979019165,,12.039999961853027,,
2023-04-26 22:00:00+00:00,,,,97.32908630371094,,87.34040832519531,60.18330764770508
2023-04-27 04:00:00+00:00,160.19000244140625,60.74775695800781,8.170000076293945,,12.670000076293945,,
2023-04-27 22:00:00+00:00,,,,98.66936492919922,,88.0346908569336,60.6300048828125
2023-04-28 04:00:00+00:00,164.30999755859375,59.453792572021484,7.940000057220459,,12.819999694824219,,
2023-05-01 04:00:00+00:00,161.8300018310547,59.22832489013672,7.320000171661377,,12.649999618530273,,
2023-05-01 22:00:00+00:00,,,,98.3183364868164,,87.28834533691406,59.7537956237793
2023-05-02 04:00:00+00:00,160.30999755859375,56.963890075683594,7.269999980926514,,12.680000305175781,,
2023-05-02 22:00:00+00:00,,,,99.10016632080078,,87.67019653320312,60.34652328491211
2023-05-03 04:00:00+00:00,160.61000061035156,57.90494918823242,7.409999847412109,,12.8100004196167,,
2023-05-03 22:00:00+00:00,,,,99.69052124023438,,90.08281707763672,60.355796813964844
2023-05-04 04:00:00+00:00,161.1999969482422,59.012664794921875,7.380000114440918,,12.949999809265137,,
2023-05-04 22:00:00+00:00,,,,101.44563293457031,,93.32858276367188,61.858665466308594
2023-05-05 04:00:00+00:00,170.05999755859375,59.20872116088867,7.730000019073486,,13.40999984741211,,
2023-05-07 22:00:00+00:00,,,,101.41372680664062,,94.52620697021484,61.858665466308594
2023-05-08 04:00:00+00:00,171.7899932861328,59.38517379760742,7.710000038146973,,13.869999885559082,,
2023-05-08 22:00:00+00:00,,,,100.83932495117188,,94.3526382446289,62.294681549072266
2023-05-09 04:00:00+00:00,169.14999389648438,59.502803802490234,7.28000020980835,,13.859999656677246,,
2023-05-09 22:00:00+00:00,,,,101.06269836425781,,94.3526382446289,62.7678108215332
2023-05-10 04:00:00+00:00,168.5399932861328,61.316314697265625,7.159999847412109,,14.109999656677246,,
2023-05-10 22:00:00+00:00,,,,102.53681182861328,,94.0749282836914,62.869850158691406
2023-05-11 04:00:00+00:00,172.0800018310547,61.87507247924805,7.059999942779541,,13.84000015258789,,
2023-05-11 22:00:00+00:00,,,,102.19400024414062,,93.6135025024414,62.953346252441406
2023-05-12 04:00:00+00:00,167.97999572753906,60.20859909057617,7.039999961853027,,12.90999984741211,,
2023-05-14 22:00:00+00:00,,,,109.83450317382812,,94.24443817138672,63.083221435546875
2023-05-15 04:00:00+00:00,166.35000610351562,62.12014389038086,7.170000076293945,,13.4399995803833,,
2023-05-15 22:00:00+00:00,,,,107.8550033569336,,93.76416778564453,62.526607513427734
2023-05-16 04:00:00+00:00,166.52000427246094,60.79677200317383,6.980000019073486,,13.079999923706055,,
2023-05-16 22:00:00+00:00,,,,107.78099822998047,,94.30093383789062,63.43574142456055
2023-05-17 04:00:00+00:00,173.86000061035156,60.40465545654297,7.230000019073486,,13.40999984741211,,
2023-05-17 22:00:00+00:00,,,,111.27750396728516,,96.52332305908203,65.40245819091797
2023-05-18 04:00:00+00:00,176.88999938964844,60.29682922363281,7.289999961853027,,13.539999961853027,,
2023-05-18 22:00:00+00:00,,,,111.18499755859375,,97.35201263427734,66.03328704833984
2023-05-19 04:00:00+00:00,180.13999938964844,61.228092193603516,7.179999828338623,,13.470000267028809,,
2023-05-21 22:00:00+00:00,,,,111.48099517822266,,97.9735336303711,66.23738098144531
2023-05-22 04:00:00+00:00,188.8699951171875,63.36509323120117,7.650000095367432,,14.229999542236328,,
2023-05-22 22:00:00+00:00,,,,112.07300567626953,,98.38787841796875,66.10750579833984
2023-05-23 04:00:00+00:00,185.77000427246094,62.00251007080078,7.550000190734863,,14.199999809265137,,
2023-05-23 22:00:00+00:00,,,,110.37100219726562,,96.61749267578125,64.86439514160156
2023-05-24 04:00:00+00:00,182.89999389648438,61.19868087768555,7.489999771118164,,14.380000114440918,,
2023-05-24 22:00:00+00:00,,,,109.27950286865234,,96.78699493408203,65.1705322265625
2023-05-25 04:00:00+00:00,184.47000122070312,58.05199432373047,7.610000133514404,,14.569999694824219,,
2023-05-25 22:00:00+00:00,,,,110.77799987792969,,98.3690414428711,66.27449035644531
2023-05-26 04:00:00+00:00,193.1699981689453,58.34607696533203,7.869999885559082,,15.140000343322754,,
2023-05-28 22:00:00+00:00,,,,111.22200012207031,,98.31253814697266,66.01473999023438
2023-05-29 22:00:00+00:00,,,,109.89000701904297,,98.1053695678711,66.05184173583984
2023-05-30 04:00:00+00:00,201.16000366210938,58.25785446166992,7.710000038146973,,14.869999885559082,,
2023-05-30 22:00:00+00:00,,,,107.83650207519531,,95.97714233398438,64.72523498535156
2023-05-31 04:00:00+00:00,203.92999267578125,59.14010238647461,7.760000228881836,,14.729999542236328,,
2023-05-31 22:00:00+00:00,,,,109.22400665283203,,97.46501922607422,65.45811462402344
2023-06-01 04:00:00+00:00,207.52000427246094,60.218406677246094,6.5,,14.579999923706055,,
2023-06-01 22:00:00+00:00,,,,112.42449951171875,,99.96991729736328,67.01664733886719
2023-06-02 04:00:00+00:00,213.97000122070312,62.00251007080078,6.599999904632568,,14.479999542236328,,
2023-06-04 22:00:00+00:00,,,,113.34950256347656,,100.23358917236328,66.83110809326172
2023-06-05 04:00:00+00:00,217.61000061035156,62.21817398071289,6.590000152587891,,14.34000015258789,,
2023-06-05 22:00:00+00:00,,,,114.73699951171875,,100.47842407226562,66.82183074951172
2023-06-06 04:00:00+00:00,221.30999755859375,64.0218734741211,6.900000095367432,,14.5,,
2023-06-06 22:00:00+00:00,,,,115.01449584960938,,100.6479263305664,67.23001861572266
2023-06-07 04:00:00+00:00,224.57000732421875,62.72791290283203,6.400000095367432,,13.819999694824219,,
2023-06-07 22:00:00+00:00,,,,116.3280029296875,,101.66495513916016,67.72169494628906
2023-06-08 04:00:00+00:00,234.86000061035156,62.64949417114258,6.28000020980835,,14.050000190734863,,
2023-06-08 22:00:00+00:00,,,,116.80899810791016,,101.77796173095703,67.35061645507812
2023-06-09 04:00:00+00:00,244.39999389648438,63.04159927368164,6.210000038146973,,13.869999885559082,,
2023-06-11 22:00:00+00:00,,,,119.7874984741211,,103.71784210205078,68.27831268310547
2023-06-12 04:00:00+00:00,249.8300018310547,64.24470520019531,6.269999980926514,,14.0,,
2023-06-12 22:00:00+00:00,,,,121.0270004272461,,105.52588653564453,69.00190734863281
2023-06-13 04:00:00+00:00,258.7099914550781,65.11182403564453,6.550000190734863,,15.25,,
2023-06-13 22:00:00+00:00,,,,121.85950469970703,,106.31690979003906,69.90177154541016
2023-06-14 04:00:00+00:00,256.7900085449219,65.91980743408203,6.400000095367432,,14.739999771118164,,
2023-06-14 22:00:00+00:00,,,,120.32400512695312,,105.95906829833984,69.74407196044922
2023-06-15 04:00:00+00:00,255.89999389648438,68.7773208618164,6.590000152587891,,15.239999771118164,,
2023-06-15 22:00:00+00:00,,,,119.343505859375,,105.20571899414062,70.59754180908203
2023-06-16 04:00:00+00:00,260.5400085449219,67.52591705322266,6.480000019073486,,14.880000114440918,,
2023-06-18 22:00:00+00:00,,,,118.38150787353516,,104.5465316772461,70.07804107666016
2023-06-19 22:00:00+00:00,,,,116.64250183105469,,104.07568359375,69.62347412109375
2023-06-20 04:00:00+00:00,274.45001220703125,66.01834106445312,6.320000171661377,,15.699999809265137,,
2023-06-20 22:00:00+00:00,,,,115.64350128173828,,103.51067352294922,68.6957778930664
2023-06-21 04:00:00+00:00,259.4599914550781,66.0281982421875,6.050000190734863,,14.619999885559082,,
2023-06-21 22:00:00+00:00,,,,113.7750015258789,,102.73848724365234,67.11869049072266
2023-06-22 04:00:00+00:00,264.6099853515625,65.86067962646484,5.730000019073486,,14.149999618530273,,
2023-06-22 22:00:00+00:00,,,,113.18299865722656,,102.2864761352539,66.82183074951172
2023-06-23 04:00:00+00:00,256.6000061035156,63.79145050048828,5.46999979019165,,13.529999732971191,,
2023-06-25 22:00:00+00:00,,,,113.53450012207031,,102.87032318115234,66.77545166015625
2023-06-26 04:00:00+00:00,241.0500030517578,63.76189041137695,5.550000190734863,,13.449999809265137,,
2023-06-26 22:00:00+00:00,,,,111.64749908447266,,101.75912475585938,66.63629150390625
2023-06-27 04:00:00+00:00,250.2100067138672,63.96881103515625,6.099999904632568,,13.9399995803833,,
2023-06-27 22:00:00+00:00,,,,112.59100341796875,,103.4729995727539,67.29495239257812
2023-06-28 04:00:00+00:00,256.239990234375,63.41701889038086,6.420000076293945,,14.640000343322754,,
2023-06-28 22:00:00+00:00,,,,113.2385025024414,,104.56536865234375,67.70314025878906
2023-06-29 04:00:00+00:00,257.5,61.8109016418457,6.880000114440918,,16.010000228881836,,
2023-06-29 22:00:00+00:00,,,,113.7195053100586,,105.95906829833984,68.34324645996094
2023-06-30 04:00:00+00:00,261.7699890136719,63.21009826660156,6.889999866485596,,16.65999984741211,,
2023-07-02 22:00:00+00:00,,,,114.49649810791016,,105.65772247314453,68.29686737060547
2023-07-03 04:00:00+00:00,279.82000732421875,65.15123748779297,7.389999866485596,,19.559999465942383,,
2023-07-03 22:00:00+00:00,,,,114.25599670410156,,105.29988861083984,67.4897689819336
2023-07-04 22:00:00+00:00,,,,114.34850311279297,,105.8460693359375,68.25048065185547
2023-07-05 04:00:00+00:00,282.4800109863281,66.21540832519531,7.409999847412109,,20.43000030517578,,
2023-07-05 22:00:00+00:00,,,,112.25800323486328,,101.7214584350586,66.25593566894531
2023-07-06 04:00:00+00:00,276.5400085449219,65.49610900878906,7.079999923706055,,21.6200008392334,,
2023-07-06 22:00:00+00:00,,,,113.18299865722656,,100.89276885986328,66.74761199951172
2023-07-07 04:00:00+00:00,274.42999267578125,65.49610900878906,7.449999809265137,,24.700000762939453,,
2023-07-09 22:00:00+00:00,,,,112.88700103759766,,101.21295166015625,66.71051025390625
2023-07-10 04:00:00+00:00,269.6099853515625,65.54537200927734,7.929999828338623,,25.510000228881836,,
2023-07-10 22:00:00+00:00,,,,113.53450012207031,,100.27125549316406,67.14652252197266
2023-07-11 04:00:00+00:00,269.7900085449219,66.57998657226562,8.119999885559082,,24.850000381469727,,
2023-07-11 22:00:00+00:00,,,,114.29299926757812,,101.13761138916016,67.35989379882812
2023-07-12 04:00:00+00:00,271.989990234375,66.95441436767578,7.159999847412109,,25.90999984741211,,
2023-07-12 22:00:00+00:00,,,,114.60750579833984,,100.76093292236328,67.5361557006836
2023-07-13 04:00:00+00:00,277.8999938964844,66.79676818847656,7.119999885559082,,25.520000457763672,,
2023-07-13 22:00:00+00:00,,,,113.92300415039062,,100.5349349975586,67.19290924072266
2023-07-14 04:00:00+00:00,281.3800048828125,68.12698364257812,6.699999809265137,,24.81999969482422,,
2023-07-16 22:00:00+00:00,,,,112.90550231933594,,100.57260131835938,67.27639770507812
2023-07-17 04:00:00+00:00,290.3800048828125,67.27958679199219,7.03000020980835,,23.989999771118164,,
2023-07-17 22:00:00+00:00,,,,113.51599884033203,,100.8551025390625,67.23001861572266
2023-07-18 04:00:00+00:00,293.3399963378906,66.48145294189453,7.039999961853027,,24.690000534057617,,
2023-07-18 22:00:00+00:00,,,,114.4780044555664,,100.94927215576172,66.69195556640625
2023-07-19 04:00:00+00:00,291.260009765625,67.328857421875,7.25,,24.829999923706055,,
2023-07-19 22:00:00+00:00,,,,114.75550079345703,,101.40128326416016,66.38581085205078
2023-07-20 04:00:00+00:00,262.8999938964844,67.02339172363281,6.920000076293945,,25.809999465942383,,
2023-07-20 22:00:00+00:00,,,,115.5510025024414,,101.30712127685547,66.05184173583984
2023-07-21 04:00:00+00:00,260.0199890136719,66.99383544921875,6.869999885559082,,25.270000457763672,,
2023-07-23 22:00:00+00:00,,,,116.18000030517578,,102.26763916015625,66.23738098144531
2023-07-24 04:00:00+00:00,269.05999755859375,67.5456314086914,7.170000076293945,,25.809999465942383,,
2023-07-24 22:00:00+00:00,,,,115.88400268554688,,102.09813690185547,66.07039642333984
2023-07-25 04:00:00+00:00,265.2799987792969,66.58984375,6.840000152587891,,25.350000381469727,,
2023-07-25 22:00:00+00:00,,,,114.23750305175781,,100.91160583496094,64.90150451660156
2023-07-26 04:00:00+00:00,264.3500061035156,68.21566772460938,7.170000076293945,,27.149999618530273,,
2023-07-26 22:00:00+00:00,,,,111.88800048828125,,103.54833984375,67.46194458007812
2023-07-27 04:00:00+00:00,255.7100067138672,66.29423522949219,6.889999866485596,,26.049999237060547,,
2023-07-27 22:00:00+00:00,,,,112.18399810791016,,104.79137420654297,68.24120330810547
2023-07-28 04:00:00+00:00,266.44000244140625,69.49662017822266,7.46999979019165,,26.940000534057617,,
2023-07-30 22:00:00+00:00,,,,111.51799774169922,,104.39586639404297,67.38772583007812
2023-07-31 04:00:00+00:00,267.42999267578125,70.30460357666016,7.610000133514404,,27.639999389648438,,
2023-07-31 22:00:00+00:00,,,,111.0,,98.7645492553711,65.7920913696289
2023-08-01 04:00:00+00:00,261.07000732421875,69.36852264404297,7.269999980926514,,27.299999237060547,,
2023-08-01 22:00:00+00:00,,,,110.13050079345703,,99.12239837646484,65.91268920898438
2023-08-02 04:00:00+00:00,254.11000061035156,68.01859283447266,6.889999866485596,,25.90999984741211,,
2023-08-02 22:00:00+00:00,,,,109.92699432373047,,96.975341796875,66.01473999023438
2023-08-03 04:00:00+00:00,259.32000732421875,68.99408721923828,6.889999866485596,,26.5,,
2023-08-03 22:00:00+00:00,,,,109.6865005493164,,98.01119995117188,66.33015441894531
2023-08-04 04:00:00+00:00,253.86000061035156,67.27958679199219,6.619999885559082,,25.260000228881836,,
2023-08-06 22:00:00+00:00,,,,109.44599914550781,,97.6910171508789,66.23738098144531
2023-08-07 04:00:00+00:00,251.4499969482422,67.5456314086914,6.409999847412109,,24.280000686645508,,
2023-08-07 22:00:00+00:00,,,,107.6884994506836,,95.92064666748047,65.1983642578125
2023-08-08 04:00:00+00:00,249.6999969482422,65.03298950195312,7.190000057220459,,24.799999237060547,,
2023-08-08 22:00:00+00:00,,,,108.11399841308594,,95.44979858398438,64.47476196289062
2023-08-09 04:00:00+00:00,242.19000244140625,64.49104309082031,7.079999923706055,,22.350000381469727,,
2023-08-09 22:00:00+00:00,,,,108.85400390625,,95.95831298828125,65.2447509765625
2023-08-10 04:00:00+00:00,245.33999633789062,65.23005676269531,6.78000020980835,,21.90999984741211,,
2023-08-10 22:00:00+00:00,,,,108.2249984741211,,94.15967559814453,64.11296081542969
2023-08-11 04:00:00+00:00,242.64999389648438,63.11156463623047,6.639999866485596,,21.56999969482422,,
2023-08-13 22:00:00+00:00,,,,108.13249969482422,,94.26326751708984,63.86248016357422
2023-08-14 04:00:00+00:00,239.75999450683594,59.721961975097656,6.769999980926514,,21.559999465942383,,
2023-08-14 22:00:00+00:00,,,,107.05950164794922,,93.42516326904297,63.203819274902344
2023-08-15 04:00:00+00:00,232.9600067138672,58.22423553466797,6.409999847412109,,20.780000686645508,,
2023-08-15 22:00:00+00:00,,,,106.46749877929688,,93.9430923461914,63.34297561645508
2023-08-16 04:00:00+00:00,225.60000610351562,56.85459899902344,6.340000152587891,,21.040000915527344,,
2023-08-16 22:00:00+00:00,,,,106.09749603271484,,93.32157135009766,62.63792419433594
2023-08-17 04:00:00+00:00,219.22000122070312,57.94833755493164,6.230000019073486,,20.950000762939453,,
2023-08-17 22:00:00+00:00,,,,105.87550354003906,,92.5211410522461,62.17407989501953
2023-08-18 04:00:00+00:00,215.49000549316406,55.425846099853516,6.179999828338623,,20.780000686645508,,
2023-08-20 22:00:00+00:00,,,,105.81999969482422,,93.45340728759766,62.6564826965332
2023-08-21 04:00:00+00:00,231.27999877929688,55.573646545410156,6.260000228881836,,21.18000030517578,,
2023-08-21 22:00:00+00:00,,,,105.8385009765625,,93.88658905029297,62.88840866088867
2023-08-22 04:00:00+00:00,233.19000244140625,54.84449005126953,6.070000171661377,,20.079999923706055,,
2023-08-22 22:00:00+00:00,,,,105.20950317382812,,92.69064331054688,62.6564826965332
2023-08-23 04:00:00+00:00,236.86000061035156,55.81013107299805,6.070000171661377,,20.31999969482422,,
2023-08-23 22:00:00+00:00,,,,103.7665023803711,,91.13684844970703,62.14624786376953
2023-08-24 04:00:00+00:00,230.0399932861328,55.93822479248047,5.860000133514404,,19.639999389648438,,
2023-08-24 22:00:00+00:00,,,,103.69249725341797,,90.88259887695312,62.1555290222168
2023-08-25 04:00:00+00:00,238.58999633789062,56.80533218383789,6.019999980926514,,20.06999969482422,,
2023-08-27 22:00:00+00:00,,,,104.45099639892578,,90.96734619140625,62.55443572998047
2023-08-28 04:00:00+00:00,238.82000732421875,57.6625862121582,6.150000095367432,,20.530000686645508,,
2023-08-28 22:00:00+00:00,,,,105.19100189208984,,91.89020538330078,62.925514221191406
2023-08-29 04:00:00+00:00,257.17999267578125,60.786136627197266,6.329999923706055,,22.309999465942383,,
2023-08-29 22:00:00+00:00,,,,104.91349792480469,,91.5888671875,62.62865447998047
2023-08-30 04:00:00+00:00,256.8999938964844,62.25430679321289,6.360000133514404,,22.8799991607666,,
2023-08-30 22:00:00+00:00,,,,104.56200408935547,,91.50411224365234,62.6564826965332
2023-08-31 04:00:00+00:00,258.0799865722656,62.21489334106445,6.28000020980835,,22.729999542236328,,
2023-08-31 22:00:00+00:00,,,,100.19599914550781,,88.70729064941406,61.097957611083984
2023-09-01 04:00:00+00:00,245.00999450683594,63.091854095458984,6.360000133514404,,23.309999465942383,,
2023-09-03 22:00:00+00:00,,,,100.17750549316406,,88.9709701538086,61.691680908203125
2023-09-04 22:00:00+00:00,,,,100.34400177001953,,90.90142822265625,62.07203674316406
2023-09-05 04:00:00+00:00,256.489990234375,62.63859558105469,6.300000190734863,,23.389999389648438,,
2023-09-05 22:00:00+00:00,,,,99.4375,,90.68484497070312,61.450477600097656
2023-09-06 04:00:00+00:00,251.9199981689453,62.97361373901367,6.139999866485596,,23.260000228881836,,
2023-09-06 22:00:00+00:00,,,,97.8280029296875,,89.4888916015625,60.57844924926758
2023-09-07 04:00:00+00:00,251.49000549316406,61.66310119628906,6.0,,23.420000076293945,,
2023-09-07 22:00:00+00:00,,,,99.03050231933594,,90.04449462890625,61.070125579833984
2023-09-08 04:00:00+00:00,248.5,61.18027877807617,5.840000152587891,,23.100000381469727,,
2023-09-10 22:00:00+00:00,,,,99.95549774169922,,90.90142822265625,61.44120407104492
2023-09-11 04:00:00+00:00,273.5799865722656,62.678009033203125,5.840000152587891,,23.40999984741211,,
2023-09-11 22:00:00+00:00,,,,100.82500457763672,,90.9861831665039,62.07203674316406
2023-09-12 04:00:00+00:00,267.4800109863281,64.65856170654297,5.909999847412109,,23.579999923706055,,
2023-09-12 22:00:00+00:00,,,,100.88050079345703,,91.66419982910156,62.01637268066406
2023-09-13 04:00:00+00:00,271.29998779296875,62.47108840942383,5.869999885559082,,23.25,,
2023-09-13 22:00:00+00:00,,,,100.49200439453125,,90.32699584960938,61.654571533203125
2023-09-14 04:00:00+00:00,276.0400085449219,61.97841262817383,6.010000228881836,,24.110000610351562,,
2023-09-14 22:00:00+00:00,,,,101.56500244140625,,91.82428741455078,62.350341796875
2023-09-15 04:00:00+00:00,274.3900146484375,61.93899917602539,5.920000076293945,,24.18000030517578,,
2023-09-17 22:00:00+00:00,,,,99.38200378417969,,91.13684844970703,61.63602066040039
2023-09-18 04:00:00+00:00,265.2799987792969,62.411964416503906,5.639999866485596,,23.709999084472656,,
2023-09-18 22:00:00+00:00,,,,101.5094985961914,,91.96554565429688,62.0070915222168
2023-09-19 04:00:00+00:00,266.5,61.59412384033203,5.5,,22.739999771118164,,
2023-09-19 22:00:00+00:00,,,,103.43350219726562,,94.39510345458984,63.278038024902344
2023-09-20 04:00:00+00:00,262.5899963378906,61.44632339477539,5.449999809265137,,22.399999618530273,,
2023-09-20 22:00:00+00:00,,,,103.24850463867188,,93.66058349609375,62.55443572998047
2023-09-21 04:00:00+00:00,255.6999969482422,60.00771713256836,5.170000076293945,,21.530000686645508,,
2023-09-21 22:00:00+00:00,,,,105.89400482177734,,93.48165893554688,62.461669921875
2023-09-22 04:00:00+00:00,244.8800048828125,61.86016845703125,5.110000133514404,,20.59000015258789,,
2023-09-24 22:00:00+00:00,,,,104.7655029296875,,91.59828186035156,61.580352783203125
2023-09-25 04:00:00+00:00,246.99000549316406,62.411964416503906,5.130000114440918,,21.1299991607666,,
2023-09-25 22:00:00+00:00,,,,101.93499755859375,,90.38350677490234,60.72687530517578
2023-09-26 04:00:00+00:00,244.1199951171875,60.707313537597656,5.309999942779541,,22.260000228881836,,
2023-09-26 22:00:00+00:00,,,,100.71399688720703,,91.13684844970703,60.54133987426758
2023-09-27 04:00:00+00:00,240.5,59.82049560546875,5.460000038146973,,23.049999237060547,,
2023-09-27 22:00:00+00:00,,,,100.6030044555664,,91.48528289794922,61.12578582763672
2023-09-28 04:00:00+00:00,246.3800048828125,59.662841796875,5.53000020980835,,23.079999923706055,,
2023-09-28 22:00:00+00:00,,,,100.76950073242188,,90.76017761230469,61.12578582763672
2023-09-29 04:00:00+00:00,250.22000122070312,60.69745635986328,5.590000152587891,,24.280000686645508,,
2023-10-01 22:00:00+00:00,,,,100.82500457763672,,90.56242370605469,60.866031646728516
2023-10-02 04:00:00+00:00,251.60000610351562,60.43141555786133,5.539999961853027,,23.65999984741211,,
2023-10-02 22:00:00+00:00,,,,99.06749725341797,,89.74315643310547,60.235198974609375
2023-10-03 04:00:00+00:00,246.52999877929688,59.94859313964844,5.380000114440918,,21.690000534057617,,
2023-10-03 22:00:00+00:00,,,,99.49299621582031,,89.83731842041016,60.235198974609375
2023-10-04 04:00:00+00:00,261.1600036621094,58.667640686035156,5.559999942779541,,23.690000534057617,,
2023-10-04 22:00:00+00:00,,,,98.51250457763672,,88.79204559326172,59.7620735168457
2023-10-05 04:00:00+00:00,260.04998779296875,58.8154411315918,5.159999847412109,,18.270000457763672,,
2023-10-05 22:00:00+00:00,,,,98.77149963378906,,90.12924194335938,59.2332878112793
2023-10-06 04:00:00+00:00,260.5299987792969,59.347530364990234,5.130000114440918,,18.920000076293945,,
2023-10-08 22:00:00+00:00,,,,97.79100036621094,,89.13105010986328,58.862213134765625
2023-10-09 04:00:00+00:00,259.6700134277344,59.09134292602539,5.03000020980835,,18.780000686645508,,
2023-10-09 22:00:00+00:00,,,,100.01100158691406,,91.83370208740234,59.93833923339844
2023-10-10 04:00:00+00:00,263.6199951171875,60.84526062011719,5.440000057220459,,19.639999389648438,,
2023-10-10 22:00:00+00:00,,,,101.08399963378906,,92.75656127929688,60.16098403930664
2023-10-11 04:00:00+00:00,262.989990234375,61.32808303833008,5.340000152587891,,19.3700008392334,,
2023-10-11 22:00:00+00:00,,,,100.47350311279297,,92.70006561279297,60.476402282714844
2023-10-12 04:00:00+00:00,258.8699951171875,61.268959045410156,5.070000171661377,,19.329999923706055,,
2023-10-12 22:00:00+00:00,,,,99.60400390625,,92.0597152709961,59.669307708740234
2023-10-13 04:00:00+00:00,251.1199951171875,60.69745635986328,5.159999847412109,,19.299999237060547,,
2023-10-15 22:00:00+00:00,,,,100.47350311279297,,92.88839721679688,60.021827697753906
2023-10-16 04:00:00+00:00,253.9199981689453,61.08174514770508,5.28000020980835,,19.65999984741211,,
2023-10-16 22:00:00+00:00,,,,100.38099670410156,,92.53055572509766,60.179542541503906
2023-10-17 04:00:00+00:00,254.85000610351562,62.569618225097656,5.0,,19.899999618530273,,
2023-10-17 22:00:00+00:00,,,,99.54850006103516,,92.20096588134766,59.5394287109375
2023-10-18 04:00:00+00:00,242.67999267578125,63.58452606201172,4.53000020980835,,18.09000015258789,,
2023-10-18 22:00:00+00:00,,,,97.40250396728516,,89.7525634765625,58.862213134765625
2023-10-19 04:00:00+00:00,220.11000061035156,62.293724060058594,4.340000152587891,,17.15999984741211,,
2023-10-19 22:00:00+00:00,,,,95.40450286865234,,88.10460662841797,57.526329040527344
2023-10-20 04:00:00+00:00,211.99000549316406,61.08174514770508,4.28000020980835,,16.719999313354492,,
2023-10-22 22:00:00+00:00,,,,94.5719985961914,,87.86918640136719,57.238746643066406
2023-10-23 04:00:00+00:00,212.0800018310547,61.33793258666992,4.340000152587891,,17.06999969482422,,
2023-10-23 22:00:00+00:00,,,,94.14649963378906,,87.11583709716797,57.08103942871094
2023-10-24 04:00:00+00:00,216.52000427246094,62.20504379272461,4.239999771118164,,17.43000030517578,,
2023-10-24 22:00:00+00:00,,,,93.24000549316406,,86.05171966552734,56.94188690185547
2023-10-25 04:00:00+00:00,212.4199981689453,60.460975646972656,4.170000076293945,,17.020000457763672,,
2023-10-25 22:00:00+00:00,,,,92.47225189208984,,83.46206665039062,53.6578483581543
2023-10-26 04:00:00+00:00,205.75999450683594,61.5645637512207,4.070000171661377,,16.170000076293945,,
2023-10-26 22:00:00+00:00,,,,91.84325408935547,,83.33023071289062,52.14570236206055
2023-10-27 04:00:00+00:00,207.3000030517578,61.04233169555664,4.039999961853027,,16.010000228881836,,
2023-10-29 23:00:00+00:00,,,,91.70449829101562,,82.59571838378906,51.56126022338867
2023-10-30 04:00:00+00:00,197.36000061035156,61.87987518310547,4.070000171661377,,15.720000267028809,,
2023-10-30 23:00:00+00:00,,,,92.3427505493164,,82.52037811279297,51.42210388183594
2023-10-31 04:00:00+00:00,200.83999633789062,60.02742004394531,4.119999885559082,,16.219999313354492,,
2023-10-31 23:00:00+00:00,,,,92.30575561523438,,83.81050109863281,51.923057556152344
2023-11-01 04:00:00+00:00,205.66000366210938,59.45591735839844,4.050000190734863,,16.1299991607666,,
2023-11-01 23:00:00+00:00,,,,95.25650787353516,,85.77862548828125,53.360984802246094
2023-11-02 04:00:00+00:00,218.50999450683594,59.39679718017578,4.539999961853027,,17.59000015258789,,
2023-11-02 23:00:00+00:00,,,,97.16200256347656,,87.5301742553711,53.71350860595703
2023-11-03 04:00:00+00:00,219.9600067138672,61.3182258605957,4.619999885559082,,17.709999084472656,,
2023-11-05 23:00:00+00:00,,,,97.18049621582031,,87.41717529296875,53.37025833129883
2023-11-06 05:00:00+00:00,219.27000427246094,62.599178314208984,4.320000171661377,,17.18000030517578,,
2023-11-06 23:00:00+00:00,,,,96.38500213623047,,85.98580169677734,52.75798034667969
2023-11-07 05:00:00+00:00,222.17999267578125,62.451377868652344,4.300000190734863,,17.420000076293945,,
2023-11-07 23:00:00+00:00,,,,96.56999969482422,,86.72032165527344,53.29604721069336
2023-11-08 05:00:00+00:00,222.11000061035156,61.71236801147461,3.950000047683716,,17.0,,
2023-11-08 23:00:00+00:00,,,,97.01399993896484,,86.83332824707031,53.147613525390625
2023-11-09 05:00:00+00:00,209.97999572753906,61.06203842163086,3.755000114440918,,15.329999923706055,,
2023-11-09 23:00:00+00:00,,,,95.88550567626953,,85.8633804321289,52.405460357666016
2023-11-10 05:00:00+00:00,214.64999389648438,60.93394088745117,3.799999952316284,,15.399999618530273,,
2023-11-12 23:00:00+00:00,,,,97.18049621582031,,86.729736328125,52.507503509521484
2023-11-13 05:00:00+00:00,223.7100067138672,61.66310119628906,3.9700000286102295,,16.190000534057617,,
2023-11-13 23:00:00+00:00,,,,99.75199890136719,,88.67903900146484,53.797000885009766
2023-11-14 05:00:00+00:00,237.41000366210938,63.08199691772461,4.170000076293945,,16.899999618530273,,
2023-11-14 23:00:00+00:00,,,,101.65750122070312,,90.44942474365234,54.44638442993164
2023-11-15 05:00:00+00:00,242.83999633789062,63.68305969238281,4.21999979019165,,17.239999771118164,,
2023-11-15 23:00:00+00:00,,,,100.1405029296875,,88.5660400390625,53.75989532470703
2023-11-16 05:00:00+00:00,233.58999633789062,62.22475051879883,4.28000020980835,,16.389999389648438,,
2023-11-16 23:00:00+00:00,,,,100.67699432373047,,89.64897918701172,54.362892150878906
2023-11-17 05:00:00+00:00,234.3000030517578,62.21489334106445,4.25,,16.700000762939453,,
2023-11-19 23:00:00+00:00,,,,100.67699432373047,,90.1574935913086,54.66903305053711
2023-11-20 05:00:00+00:00,235.60000610351562,62.72727584838867,4.340000152587891,,16.93000030517578,,
2023-11-20 23:00:00+00:00,,,,98.84550476074219,,88.0951919555664,53.954708099365234
2023-11-21 05:00:00+00:00,241.1999969482422,61.032474517822266,4.21999979019165,,15.720000267028809,,
2023-11-21 23:00:00+00:00,,,,98.79000091552734,,88.74495697021484,54.06603240966797
2023-11-22 05:00:00+00:00,234.2100067138672,60.69745635986328,4.199999809265137,,15.979999542236328,,
2023-11-22 23:00:00+00:00,,,,98.58650207519531,,88.64137268066406,54.028926849365234
2023-11-23 23:00:00+00:00,,,,98.9749984741211,,88.5660400390625,54.32578659057617
2023-11-24 05:00:00+00:00,235.4499969482422,58.529693603515625,4.239999771118164,,16.43000030517578,,
2023-11-26 23:00:00+00:00,,,,98.16100311279297,,87.98218536376953,54.1402473449707
2023-11-27 05:00:00+00:00,236.0800018310547,56.746212005615234,4.190000057220459,,16.65999984741211,,
2023-11-27 23:00:00+00:00,,,,97.19900512695312,,87.72793579101562,53.769168853759766
2023-11-28 05:00:00+00:00,246.72000122070312,55.68203353881836,4.400000095367432,,17.420000076293945,,
2023-11-28 23:00:00+00:00,,,,98.86399841308594,,90.46825408935547,55.00300598144531
2023-11-29 05:00:00+00:00,244.13999938964844,53.67192459106445,4.360000133514404,,17.31999969482422,,
2023-11-29 23:00:00+00:00,,,,98.4384994506836,,90.0162353515625,55.272037506103516
2023-11-30 05:00:00+00:00,240.0800018310547,52.923057556152344,4.21999979019165,,16.760000228881836,,
2023-11-30 23:00:00+00:00,,,,98.99349975585938,,90.58126068115234,55.791542053222656
2023-12-01 05:00:00+00:00,238.8300018310547,52.13478088378906,4.329999923706055,,18.030000686645508,,
2023-12-03 23:00:00+00:00,,,,99.71500396728516,,90.55300903320312,56.14406967163086
2023-12-04 05:00:00+00:00,235.5800018310547,52.68657684326172,4.360000133514404,,17.739999771118164,,
2023-12-04 23:00:00+00:00,,,,100.41799926757812,,91.96554565429688,57.0068244934082
2023-12-05 05:00:00+00:00,238.72000122070312,52.69643020629883,4.190000057220459,,17.40999984741211,,
2023-12-05 23:00:00+00:00,,,,105.80149841308594,,93.55699920654297,57.86030197143555
2023-12-06 05:00:00+00:00,239.3699951171875,53.82958221435547,4.400000095367432,,18.3799991607666,,
2023-12-06 23:00:00+00:00,,,,105.02450561523438,,92.8507308959961,57.83246994018555
2023-12-07 05:00:00+00:00,242.63999938964844,54.144893646240234,4.480000019073486,,19.190000534057617,,
2023-12-07 23:00:00+00:00,,,,106.24549865722656,,95.03545379638672,58.32415008544922
2023-12-08 05:00:00+00:00,243.83999633789062,53.011741638183594,4.730000019073486,,19.040000915527344,,
2023-12-10 23:00:00+00:00,,,,106.98550415039062,,95.39330291748047,58.49113464355469
2023-12-11 05:00:00+00:00,239.74000549316406,52.94276428222656,4.610000133514404,,18.950000762939453,,
2023-12-11 23:00:00+00:00,,,,106.41200256347656,,95.05429077148438,58.18499755859375
2023-12-12 05:00:00+00:00,237.00999450683594,52.105220794677734,4.21999979019165,,18.209999084472656,,
2023-12-12 23:00:00+00:00,,,,105.70899963378906,,93.8771743774414,57.275856018066406
2023-12-13 05:00:00+00:00,239.2899932861328,51.582984924316406,4.489999771118164,,19.68000030517578,,
2023-12-13 23:00:00+00:00,,,,107.05950164794922,,96.56099700927734,58.90859603881836
2023-12-14 05:00:00+00:00,251.0500030517578,52.93291473388672,5.139999866485596,,22.43000030517578,,
2023-12-14 23:00:00+00:00,,,,107.26300048828125,,97.05066680908203,59.715694427490234
2023-12-15 05:00:00+00:00,253.5,51.701229095458984,4.769999980926514,,22.829999923706055,,
2023-12-17 23:00:00+00:00,,,,106.19000244140625,,95.12962341308594,58.94570541381836
2023-12-18 05:00:00+00:00,252.0800018310547,50.89324188232422,4.730000019073486,,23.799999237060547,,
2023-12-18 23:00:00+00:00,,,,105.59800720214844,,94.9977798461914,58.639564514160156
2023-12-19 05:00:00+00:00,257.2200012207031,51.54357147216797,4.71999979019165,,24.350000381469727,,
2023-12-19 23:00:00+00:00,,,,105.19100189208984,,94.56460571289062,58.57462692260742
2023-12-20 05:00:00+00:00,247.13999938964844,49.72067642211914,4.260000228881836,,23.18000030517578,,
2023-12-20 23:00:00+00:00,,,,104.02549743652344,,93.7453384399414,58.175716400146484
2023-12-21 05:00:00+00:00,254.5,51.435184478759766,4.329999923706055,,23.579999923706055,,
2023-12-21 23:00:00+00:00,,,,104.11799621582031,,94.77178192138672,58.30559539794922
2023-12-22 05:00:00+00:00,252.5399932861328,51.93770980834961,4.260000228881836,,23.209999084472656,,
2023-12-26 05:00:00+00:00,256.6099853515625,52.597896575927734,4.340000152587891,,23.59000015258789,,
2023-12-26 23:00:00+00:00,,,,104.34000396728516,,94.5457763671875,58.138607025146484
2023-12-27 05:00:00+00:00,261.44000244140625,52.519065856933594,4.320000171661377,,23.729999542236328,,
2023-12-27 23:00:00+00:00,,,,103.74800109863281,,94.58344268798828,57.75825500488281
2023-12-28 05:00:00+00:00,253.17999267578125,54.25328063964844,4.260000228881836,,23.540000915527344,,
2023-12-28 23:00:00+00:00,,,,103.41500091552734,,94.90361785888672,58.027286529541016
2023-12-29 05:00:00+00:00,248.47999572753906,54.460205078125,4.210000038146973,,23.459999084472656,,
2024-01-01 23:00:00+00:00,,,,104.41400146484375,,95.84530639648438,58.75088882446289
2024-01-02 05:00:00+00:00,248.4199981689453,52.9132080078125,4.150000095367432,,21.100000381469727,,
2024-01-02 23:00:00+00:00,,,,102.54550170898438,,93.70767211914062,57.70259475708008
2024-01-03 05:00:00+00:00,238.4499969482422,53.662071228027344,3.9600000381469727,,20.31999969482422,,
2024-01-03 23:00:00+00:00,,,,103.89600372314453,,95.11078643798828,57.81391906738281
2024-01-04 05:00:00+00:00,237.92999267578125,52.82452392578125,3.890000104904175,,19.5,,
2024-01-04 23:00:00+00:00,,,,104.7655029296875,,94.79061889648438,58.027286529541016
2024-01-05 05:00:00+00:00,237.49000549316406,52.58803939819336,3.7799999713897705,,19.079999923706055,,
2024-01-07 23:00:00+00:00,,,,105.45000457763672,,95.29912567138672,58.96426010131836
2024-01-08 05:00:00+00:00,240.4499969482422,52.4205322265625,3.799999952316284,,19.579999923706055,,
2024-01-08 23:00:00+00:00,,,,104.8395004272461,,94.9412841796875,59.18690490722656
2024-01-09 05:00:00+00:00,234.9600067138672,52.28258514404297,3.619999885559082,,19.25,,
2024-01-09 23:00:00+00:00,,,,104.87649536132812,,94.0749282836914,58.40764236450195
2024-01-10 05:00:00+00:00,233.94000244140625,51.75049591064453,3.4100000858306885,,19.06999969482422,,
2024-01-10 23:00:00+00:00,,,,104.74700164794922,,92.7188949584961,57.72114944458008
2024-01-11 05:00:00+00:00,227.22000122070312,53.376319885253906,3.259999990463257,,18.790000915527344,,
2024-01-11 23:00:00+00:00,,,,103.58150482177734,,91.20276641845703,56.92333221435547
2024-01-12 05:00:00+00:00,218.88999938964844,53.09056854248047,3.005000114440918,,18.059999465942383,,
2024-01-14 23:00:00+00:00,,,,103.11900329589844,,89.9503173828125,56.9789924621582
2024-01-15 23:00:00+00:00,,,,102.93399810791016,,90.17633056640625,56.84911346435547
2024-01-16 05:00:00+00:00,219.91000366210938,51.376060485839844,2.880000114440918,,17.81999969482422,,
2024-01-16 23:00:00+00:00,,,,100.52899932861328,,87.37008666992188,55.03083419799805
2024-01-17 05:00:00+00:00,215.5500030517578,49.35609817504883,2.7799999713897705,,16.760000228881836,,
2024-01-17 23:00:00+00:00,,,,100.01100158691406,,87.63375854492188,55.51323699951172
2024-01-18 05:00:00+00:00,211.8800048828125,49.71082305908203,2.6500000953674316,,15.739999771118164,,
2024-01-18 23:00:00+00:00,,,,98.86399841308594,,86.91808319091797,54.83601760864258
2024-01-19 05:00:00+00:00,212.19000244140625,49.809356689453125,2.7100000381469727,,15.479999542236328,,
2024-01-21 23:00:00+00:00,,,,99.8445053100586,,87.86918640136719,55.00300598144531
2024-01-22 05:00:00+00:00,208.8000030517578,48.92254638671875,2.8299999237060547,,16.030000686645508,,
2024-01-22 23:00:00+00:00,,,,105.24649810791016,,88.10460662841797,55.865760803222656
2024-01-23 05:00:00+00:00,209.13999938964844,50.87353515625,3.0299999713897705,,16.040000915527344,,
2024-01-23 23:00:00+00:00,,,,107.30000305175781,,88.0951919555664,56.33888244628906
2024-01-24 05:00:00+00:00,207.8300018310547,50.48925018310547,2.819999933242798,,15.34000015258789,,
2024-01-24 23:00:00+00:00,,,,106.22699737548828,,88.2270278930664,55.42974090576172
2024-01-25 05:00:00+00:00,182.6300048828125,49.76994323730469,2.6600000858306885,,15.0,,
2024-01-25 23:00:00+00:00,,,,106.68949890136719,,89.24404907226562,56.83055877685547
2024-01-26 05:00:00+00:00,183.25,48.55796432495117,2.6500000953674316,,15.289999961853027,,
2024-01-28 23:00:00+00:00,,,,107.26300048828125,,89.37589263916016,57.405731201171875
2024-01-29 05:00:00+00:00,190.92999267578125,45.917232513427734,3.369999885559082,,16.1200008392334,,
2024-01-29 23:00:00+00:00,,,,107.89199829101562,,89.46063995361328,57.75825500488281
2024-01-30 05:00:00+00:00,191.58999633789062,44.81364059448242,3.4600000381469727,,15.65999984741211,,
2024-01-30 23:00:00+00:00,,,,110.85199737548828,,91.13684844970703,58.30559539794922
2024-01-31 05:00:00+00:00,187.2899932861328,44.261844635009766,3.380000114440918,,15.3100004196167,,
2024-01-31 23:00:00+00:00,,,,109.3165054321289,,91.37227630615234,58.51896667480469
2024-02-01 05:00:00+00:00,188.86000061035156,44.63628005981445,3.4200000762939453,,15.529999732971191,,
2024-02-01 23:00:00+00:00,,,,110.81500244140625,,92.26688385009766,59.68785858154297
2024-02-02 05:00:00+00:00,187.91000366210938,43.56224822998047,3.309999942779541,,15.600000381469727,,
2024-02-04 23:00:00+00:00,,,,110.14900207519531,,90.93909454345703,58.61173629760742
2024-02-05 05:00:00+00:00,181.05999755859375,43.040016174316406,3.2200000286102295,,14.9399995803833,,
2024-02-05 23:00:00+00:00,,,,109.18700408935547,,91.87136840820312,59.33533477783203
2024-02-06 05:00:00+00:00,185.10000610351562,46.20298385620117,3.5,,15.5,,
2024-02-06 23:00:00+00:00,,,,108.89099884033203,,93.35924530029297,59.35388946533203
2024-02-07 05:00:00+00:00,187.5800018310547,46.30152130126953,3.380000114440918,,15.170000076293945,,
2024-02-07 23:00:00+00:00,,,,109.83450317382812,,96.01480865478516,60.33724594116211
2024-02-08 05:00:00+00:00,189.55999755859375,46.321224212646484,3.509999990463257,,16.110000610351562,,
2024-02-08 23:00:00+00:00,,,,109.6865005493164,,96.05248260498047,60.225921630859375
2024-02-09 05:00:00+00:00,193.57000732421875,46.3409309387207,3.5199999809265137,,16.68000030517578,,
2024-02-11 23:00:00+00:00,,,,110.77799987792969,,96.18431854248047,60.903141021728516
2024-02-12 05:00:00+00:00,188.1300048828125,47.48393630981445,3.5899999141693115,,16.329999923706055,,
2024-02-12 23:00:00+00:00,,,,109.72350311279297,,94.9977798461914,60.70832824707031
2024-02-13 05:00:00+00:00,184.02000427246094,46.27195739746094,3.319999933242798,,15.380000114440918,,
2024-02-13 23:00:00+00:00,,,,108.94650268554688,,95.26145935058594,60.79181671142578
2024-02-14 05:00:00+00:00,188.7100067138672,46.478878021240234,3.450000047683716,,15.539999961853027,,
2024-02-14 23:00:00+00:00,,,,110.24150085449219,,96.6363296508789,62.01637268066406
2024-02-15 05:00:00+00:00,200.4499969482422,46.390201568603516,3.630000114440918,,16.350000381469727,,
2024-02-15 23:00:00+00:00,,,,110.68550109863281,,98.030029296875,62.50804901123047
2024-02-16 05:00:00+00:00,199.9499969482422,47.98646545410156,3.7100000381469727,,16.299999237060547,,
2024-02-18 23:00:00+00:00,,,,110.98150634765625,,96.82466888427734,62.73997116088867
2024-02-19 23:00:00+00:00,,,,109.22400665283203,,95.88297271728516,61.95143508911133
2024-02-20 05:00:00+00:00,193.75999450683594,45.907379150390625,3.680000066757202,,15.890000343322754,,
2024-02-20 23:00:00+00:00,,,,110.61150360107422,,98.21836853027344,63.14815902709961
2024-02-21 05:00:00+00:00,194.77000427246094,46.89272689819336,3.700000047683716,,15.390000343322754,,
2024-02-21 23:00:00+00:00,,,,113.22000122070312,,98.95288848876953,66.11678314208984
2024-02-22 05:00:00+00:00,197.41000366210938,46.961700439453125,3.0799999237060547,,11.449999809265137,,
2024-02-22 23:00:00+00:00,,,,114.70000457763672,,100.49726104736328,66.49713897705078
2024-02-23 05:00:00+00:00,191.97000122070312,46.3409309387207,3.0199999809265137,,10.069999694824219,,
2024-02-25 23:00:00+00:00,,,,113.79349517822266,,101.21295166015625,66.20027923583984
2024-02-26 05:00:00+00:00,199.39999389648438,48.488990783691406,3.1500000953674316,,10.699999809265137,,
2024-02-26 23:00:00+00:00,,,,114.77400207519531,,101.40128326416016,66.94243621826172
2024-02-27 05:00:00+00:00,199.72999572753906,50.33159637451172,3.1700000762939453,,11.140000343322754,,
2024-02-27 23:00:00+00:00,,,,116.43899536132812,,102.79499053955078,68.0927734375
2024-02-28 05:00:00+00:00,202.0399932861328,48.341190338134766,3.2300000190734863,,11.300000190734863,,
2024-02-28 23:00:00+00:00,,,,115.93949890136719,,102.85149383544922,68.31541442871094
2024-02-29 05:00:00+00:00,201.8800048828125,48.65650177001953,3.299999952316284,,11.319999694824219,,
2024-02-29 23:00:00+00:00,,,,110.22300720214844,,103.39767456054688,68.73287963867188
2024-03-01 05:00:00+00:00,202.63999938964844,49.139320373535156,3.3299999237060547,,11.350000381469727,,
2024-03-03 23:00:00+00:00,,,,111.6290054321289,,103.52951049804688,68.40818786621094
2024-03-04 05:00:00+00:00,188.13999938964844,47.533206939697266,3.2100000381469727,,10.90999984741211,,
2024-03-04 23:00:00+00:00,,,,110.22300720214844,,102.98332977294922,68.42674255371094
2024-03-05 05:00:00+00:00,180.74000549316406,48.01602554321289,3.180000066757202,,10.930000305175781,,
2024-03-05 23:00:00+00:00,,,,108.02149963378906,,101.42011260986328,67.58253479003906
2024-03-06 05:00:00+00:00,176.5399932861328,48.55796432495117,3.190000057220459,,11.029999732971191,,
2024-03-06 23:00:00+00:00,,,,107.79949951171875,,100.7232666015625,67.16507720947266
2024-03-07 05:00:00+00:00,178.64999389648438,47.62188720703125,3.119999885559082,,12.510000228881836,,
2024-03-07 23:00:00+00:00,,,,107.76250457763672,,100.89276885986328,67.30423736572266
2024-03-08 05:00:00+00:00,175.33999633789062,47.06023406982422,3.0999999046325684,,12.779999732971191,,
2024-03-10 23:00:00+00:00,,,,108.42850494384766,,100.6479263305664,67.16507720947266
2024-03-11 04:00:00+00:00,177.77000427246094,49.87833023071289,2.990000009536743,,12.6899995803833,,
2024-03-11 23:00:00+00:00,,,,111.81399536132812,,103.37883758544922,68.0185546875
2024-03-12 04:00:00+00:00,177.5399932861328,52.46979904174805,2.9200000762939453,,12.369999885559082,,
2024-03-12 23:00:00+00:00,,,,105.2280044555664,,102.17346954345703,67.24856567382812
2024-03-13 04:00:00+00:00,169.47999572753906,52.15448760986328,2.799999952316284,,11.710000038146973,,
2024-03-13 23:00:00+00:00,,,,104.4695053100586,,99.06588745117188,67.29495239257812
2024-03-14 04:00:00+00:00,162.5,52.519065856933594,2.630000114440918,,10.6899995803833,,
2024-03-14 23:00:00+00:00,,,,105.24649810791016,,99.51790618896484,67.81446075439453
2024-03-15 04:00:00+00:00,163.57000732421875,52.637306213378906,2.700000047683716,,11.039999961853027,,
2024-03-17 23:00:00+00:00,,,,106.76349639892578,,99.8004150390625,68.0556640625
2024-03-18 04:00:00+00:00,173.8000030517578,54.08576965332031,2.75,,11.399999618530273,,
2024-03-18 23:00:00+00:00,,,,108.48400115966797,,100.87393951416016,68.78854370117188
2024-03-19 04:00:00+00:00,171.32000732421875,54.066062927246094,2.700000047683716,,11.260000228881836,,
2024-03-19 23:00:00+00:00,,,,108.72450256347656,,100.15825653076172,68.46385192871094
2024-03-20 04:00:00+00:00,175.66000366210938,54.49961853027344,2.7899999618530273,,11.359999656677246,,
2024-03-20 23:00:00+00:00,,,,108.94650268554688,,98.68921661376953,68.037109375
2024-03-21 04:00:00+00:00,172.82000732421875,53.91826248168945,2.859999895095825,,11.170000076293945,,
2024-03-21 23:00:00+00:00,,,,109.22400665283203,,98.04886627197266,68.18553924560547
2024-03-22 04:00:00+00:00,170.8300018310547,53.652217864990234,2.7699999809265137,,10.800000190734863,,
2024-03-24 23:00:00+00:00,,,,110.42649841308594,,100.04524993896484,68.38963317871094
2024-03-25 04:00:00+00:00,172.6300048828125,53.09056854248047,2.9200000762939453,,10.649999618530273,,
2024-03-25 23:00:00+00:00,,,,112.1655044555664,,100.34658813476562,68.13915252685547
2024-03-26 04:00:00+00:00,177.6699981689453,53.45514678955078,2.759999990463257,,10.520000457763672,,
2024-03-26 23:00:00+00:00,,,,112.62800598144531,,99.96991729736328,68.20409393310547
2024-03-27 04:00:00+00:00,179.8300018310547,50.85382843017578,2.9700000286102295,,10.989999771118164,,
2024-03-27 23:00:00+00:00,,,,113.62699890136719,,100.7232666015625,68.4731216430664
2024-03-28 04:00:00+00:00,175.7899932861328,50.0261344909668,2.8499999046325684,,10.949999809265137,,
2024-04-01 04:00:00+00:00,175.22000122070312,51.031192779541016,2.859999895095825,,11.09000015258789,,
2024-04-01 22:00:00+00:00,,,,113.49749755859375,,100.43134307861328,68.15771484375
2024-04-02 04:00:00+00:00,166.6300048828125,50.794708251953125,2.759999990463257,,10.510000228881836,,
2024-04-02 22:00:00+00:00,,,,116.04125213623047,,105.32813262939453,68.56590270996094
2024-04-03 04:00:00+00:00,168.3800048828125,50.43013000488281,2.75,,10.539999961853027,,
2024-04-03 22:00:00+00:00,,,,118.86250305175781,,108.01195526123047,69.82756042480469
2024-04-04 04:00:00+00:00,171.11000061035156,50.193641662597656,2.6500000953674316,,10.130000114440918,,
2024-04-04 22:00:00+00:00,,,,116.92000579833984,,105.94023895263672,69.30805206298828
2024-04-05 04:00:00+00:00,164.89999389648438,50.193641662597656,2.609999895095825,,10.100000381469727,,
2024-04-07 22:00:00+00:00,,,,116.64250183105469,,108.05904388427734,71.07067108154297
2024-04-08 04:00:00+00:00,172.97999572753906,51.198699951171875,2.640000104904175,,10.4399995803833,,
2024-04-08 22:00:00+00:00,,,,115.39375305175781,,107.21151733398438,70.67176055908203
2024-04-09 04:00:00+00:00,176.8800048828125,52.6668701171875,2.700000047683716,,10.630000114440918,,
2024-04-09 22:00:00+00:00,,,,114.70000457763672,,104.99854278564453,70.50477600097656
2024-04-10 04:00:00+00:00,171.75999450683594,52.20375442504883,2.6500000953674316,,10.270000457763672,,
2024-04-10 22:00:00+00:00,,,,113.7750015258789,,105.3752212524414,70.2635726928711
2024-04-11 04:00:00+00:00,174.60000610351562,52.676719665527344,2.5,,9.569999694824219,,
2024-04-11 22:00:00+00:00,,,,114.42250061035156,,103.11516571044922,69.92033386230469
2024-04-12 04:00:00+00:00,171.0500030517578,51.80961608886719,2.490000009536743,,9.130000114440918,,
2024-04-14 22:00:00+00:00,,,,114.05250549316406,,103.30349731445312,70.72742462158203
2024-04-15 04:00:00+00:00,161.47999572753906,51.208553314208984,2.430000066757202,,8.399999618530273,,
2024-04-15 22:00:00+00:00,,,,111.60124969482422,,100.24300384521484,69.21528625488281
2024-04-16 04:00:00+00:00,157.11000061035156,51.39577102661133,2.4000000953674316,,8.710000038146973,,
2024-04-16 22:00:00+00:00,,,,111.97125244140625,,99.77215576171875,69.02046966552734
2024-04-17 04:00:00+00:00,155.4499969482422,50.784854888916016,2.4200000762939453,,8.739999771118164,,
2024-04-17 22:00:00+00:00,,,,112.80374908447266,,100.7138442993164,69.40081787109375
2024-04-18 04:00:00+00:00,149.92999267578125,51.297237396240234,2.440000057220459,,8.829999923706055,,
2024-04-18 22:00:00+00:00,,,,112.11000061035156,,99.67798614501953,68.77926635742188
2024-04-19 04:00:00+00:00,147.0500030517578,50.548370361328125,2.450000047683716,,8.630000114440918,,
2024-04-21 22:00:00+00:00,,,,112.20250701904297,,99.67798614501953,68.82565307617188
2024-04-22 04:00:00+00:00,142.0500030517578,50.794708251953125,2.380000114440918,,8.789999961853027,,
2024-04-22 22:00:00+00:00,,,,112.24874877929688,,100.24300384521484,68.6957778930664
2024-04-23 04:00:00+00:00,144.67999267578125,49.4644889831543,2.5199999809265137,,9.039999961853027,,
2024-04-23 22:00:00+00:00,,,,111.09249877929688,,100.33717346191406,68.66793823242188
2024-04-24 04:00:00+00:00,162.1300048828125,50.459686279296875,2.549999952316284,,8.84000015258789,,
2024-04-24 22:00:00+00:00,,,,109.89000701904297,,98.92463684082031,67.92578887939453
2024-04-25 04:00:00+00:00,170.17999267578125,51.42532730102539,2.450000047683716,,8.520000457763672,,
2024-04-25 22:00:00+00:00,,,,111.09249877929688,,100.1959228515625,68.98336029052734
2024-04-26 04:00:00+00:00,168.2899932861328,53.52412033081055,2.4600000381469727,,9.039999961853027,,
2024-04-28 22:00:00+00:00,,,,111.6937484741211,,100.57260131835938,69.38227081298828
2024-04-29 04:00:00+00:00,194.0500030517578,54.53902816772461,2.5,,9.380000114440918,,
2024-04-29 22:00:00+00:00,,,,106.51375579833984,,96.47623443603516,65.8106460571289
2024-04-30 04:00:00+00:00,183.27999877929688,53.67192459106445,2.549999952316284,,8.899999618530273,,
2024-05-01 04:00:00+00:00,179.99000549316406,54.292694091796875,2.619999885559082,,9.210000038146973,,
2024-05-01 22:00:00+00:00,,,,105.77375030517578,,96.0053939819336,65.7828140258789
2024-05-02 04:00:00+00:00,180.00999450683594,57.82024002075195,2.7799999713897705,,9.829999923706055,,
2024-05-02 22:00:00+00:00,,,,106.8375015258789,,96.52332305908203,66.40437316894531
2024-05-03 04:00:00+00:00,181.19000244140625,57.29800796508789,2.7850000858306885,,10.069999694824219,,
2024-05-05 22:00:00+00:00,,,,108.17874908447266,,97.041259765625,67.28567504882812
2024-05-06 04:00:00+00:00,184.75999450683594,57.08123016357422,3.049999952316284,,10.329999923706055,,
2024-05-06 22:00:00+00:00,,,,109.19625091552734,,98.12419891357422,68.00000762939453
2024-05-07 04:00:00+00:00,177.80999755859375,57.1699104309082,2.619999885559082,,10.25,,
2024-05-07 22:00:00+00:00,,,,108.40999603271484,,95.25204467773438,67.32278442382812
2024-05-08 04:00:00+00:00,174.72000122070312,56.066322326660156,2.7100000381469727,,10.270000457763672,,
2024-05-08 22:00:00+00:00,,,,108.59500122070312,,95.72289276123047,68.3499984741211
2024-05-09 04:00:00+00:00,171.97000122070312,57.11079025268555,2.700000047683716,,10.220000267028809,,
2024-05-09 22:00:00+00:00,,,,108.17874908447266,,95.6758041381836,68.19000244140625
2024-05-10 04:00:00+00:00,168.47000122070312,55.94807815551758,2.6600000858306885,,9.989999771118164,,
2024-05-12 22:00:00+00:00,,,,109.84375,,96.94708251953125,68.36000061035156
2024-05-13 04:00:00+00:00,171.88999938964844,56.39148712158203,2.809999942779541,,10.899999618530273,,
2024-05-13 22:00:00+00:00,,,,112.71125030517578,,97.700439453125,69.33000183105469
2024-05-14 04:00:00+00:00,177.5500030517578,56.2141227722168,3.119999885559082,,11.1899995803833,,
2024-05-14 22:00:00+00:00,,,,112.11000061035156,,96.9000015258789,69.0
2024-05-15 04:00:00+00:00,173.99000549316406,55.64262390136719,2.9000000953674316,,10.199999809265137,,
2024-05-15 22:00:00+00:00,,,,111.3237533569336,,96.45999908447266,68.31999969482422
2024-05-16 04:00:00+00:00,174.83999633789062,56.27324295043945,2.880000114440918,,10.130000114440918,,
2024-05-16 22:00:00+00:00,,,,111.37000274658203,,96.0199966430664,68.05999755859375
2024-05-17 04:00:00+00:00,177.4600067138672,56.480167388916016,2.8399999141693115,,10.5,,
2024-05-19 22:00:00+00:00,,,,110.26000213623047,,95.0,67.12999725341797
2024-05-20 04:00:00+00:00,174.9499969482422,56.657527923583984,2.8499999046325684,,10.279999732971191,,
2024-05-20 22:00:00+00:00,,,,110.21375274658203,,94.81999969482422,66.80999755859375
2024-05-21 04:00:00+00:00,186.60000610351562,55.169654846191406,2.8399999141693115,,10.050000190734863,,
2024-05-21 22:00:00+00:00,,,,109.52000427246094,,93.19999694824219,65.76000213623047
2024-05-22 04:00:00+00:00,180.11000061035156,53.71133804321289,2.890000104904175,,10.699999809265137,,
2024-05-22 22:00:00+00:00,,,,109.1500015258789,,92.72000122070312,65.70999908447266
2024-05-23 04:00:00+00:00,173.74000549316406,52.29243469238281,2.7200000286102295,,9.949999809265137,,
2024-05-23 22:00:00+00:00,,,,109.56624603271484,,92.83999633789062,66.02999877929688
2024-05-24 04:00:00+00:00,179.24000549316406,52.61760330200195,2.7799999713897705,,10.4399995803833,,
2024-05-26 22:00:00+00:00,,,,111.37000274658203,,93.69999694824219,66.29000091552734
2024-05-27 22:00:00+00:00,,,,114.05250549316406,,93.80000305175781,66.37999725341797
2024-05-28 04:00:00+00:00,176.75,51.97712326049805,2.734999895095825,,10.420000076293945,,
2024-05-28 22:00:00+00:00,,,,111.74000549316406,,91.81999969482422,65.47000122070312
2024-05-29 04:00:00+00:00,176.19000244140625,54.80507278442383,2.75,,10.220000267028809,,
2024-05-29 22:00:00+00:00,,,,114.5,,92.5999984741211,65.93000030517578
2024-05-30 04:00:00+00:00,178.7899932861328,56.066322326660156,2.880000114440918,,10.970000267028809,,
2024-05-30 22:00:00+00:00,,,,115.0,,93.18000030517578,66.4000015258789
2024-05-31 04:00:00+00:00,178.0800018310547,55.28789520263672,2.8399999141693115,,10.920000076293945,,
2024-06-02 22:00:00+00:00,,,,114.94999694824219,,93.26000213623047,66.33000183105469
2024-06-03 04:00:00+00:00,176.2899932861328,57.52463912963867,2.8299999237060547,,11.399999618530273,,
2024-06-03 22:00:00+00:00,,,,114.0999984741211,,92.04000091552734,65.52999877929688
2024-06-04 04:00:00+00:00,174.77000427246094,57.91877365112305,2.8499999046325684,,11.220000267028809,,
2024-06-04 22:00:00+00:00,,,,114.0999984741211,,91.41999816894531,65.58000183105469
2024-06-05 04:00:00+00:00,175.0,59.071632385253906,2.7899999618530273,,11.449999809265137,,
2024-06-05 22:00:00+00:00,,,,113.44999694824219,,91.5,65.77999877929688
2024-06-06 04:00:00+00:00,177.94000244140625,57.68229293823242,2.7899999618530273,,11.739999771118164,,
2024-06-06 22:00:00+00:00,,,,112.5999984741211,,91.18000030517578,65.11000061035156
2024-06-07 04:00:00+00:00,177.47999572753906,56.78562545776367,2.7300000190734863,,11.520000457763672,,
2024-06-09 22:00:00+00:00,,,,112.3499984741211,,91.30000305175781,65.5199966430664
2024-06-10 04:00:00+00:00,173.7899932861328,56.69694519042969,2.7300000190734863,,11.869999885559082,,
2024-06-10 22:00:00+00:00,,,,111.19999694824219,,91.12000274658203,65.41000366210938
2024-06-11 04:00:00+00:00,170.66000366210938,57.70199966430664,2.6600000858306885,,11.829999923706055,,
2024-06-11 22:00:00+00:00,,,,109.55000305175781,,90.26000213623047,64.81999969482422
2024-06-12 04:00:00+00:00,177.2899932861328,57.0099983215332,2.6449999809265137,,11.800000190734863,,
2024-06-12 22:00:00+00:00,,,,105.75,,88.26000213623047,63.650001525878906
2024-06-13 04:00:00+00:00,182.47000122070312,58.65999984741211,2.5399999618530273,,11.109999656677246,,
2024-06-13 22:00:00+00:00,,,,104.5,,86.9000015258789,63.20000076293945
2024-06-14 04:00:00+00:00,178.00999450683594,58.20000076293945,2.5199999809265137,,10.880000114440918,,
2024-06-16 22:00:00+00:00,,,,105.1500015258789,,88.08000183105469,63.59000015258789
2024-06-17 04:00:00+00:00,187.44000244140625,59.380001068115234,2.609999895095825,,10.960000038146973,,
2024-06-17 22:00:00+00:00,,,,105.1500015258789,,87.58000183105469,63.52000045776367
2024-06-18 04:00:00+00:00,184.86000061035156,60.45000076293945,2.569999933242798,,11.020000457763672,,
2024-06-18 22:00:00+00:00,,,,105.0,,88.54000091552734,63.83000183105469
2024-06-19 22:00:00+00:00,,,,105.8499984741211,,88.37999725341797,64.33999633789062
2024-06-20 04:00:00+00:00,181.57000732421875,60.47999954223633,2.5399999618530273,,10.329999923706055,,
2024-06-20 22:00:00+00:00,,,,104.69999694824219,,87.26000213623047,63.65999984741211
2024-06-21 04:00:00+00:00,183.00999450683594,60.38999938964844,2.490000009536743,,10.319999694824219,,
2024-06-23 22:00:00+00:00,,,,106.19999694824219,,89.63999938964844,64.54000091552734
2024-06-24 04:00:00+00:00,182.5800018310547,61.380001068115234,2.559999942779541,,11.010000228881836,,
2024-06-24 22:00:00+00:00,,,,106.55000305175781,,90.23999786376953,64.80999755859375
2024-06-25 04:00:00+00:00,187.35000610351562,60.81999969482422,2.5,,11.960000038146973,,
2024-06-25 22:00:00+00:00,,,,104.80000305175781,,87.95999908447266,64.25
2024-06-26 04:00:00+00:00,196.3699951171875,60.439998626708984,2.5999999046325684,,14.739999771118164,,
2024-06-26 22:00:00+00:00,,,,103.94999694824219,,88.0999984741211,63.43000030517578
2024-06-27 04:00:00+00:00,197.4199981689453,58.75,2.6700000762939453,,14.470000267028809,,
2024-06-27 22:00:00+00:00,,,,105.4000015258789,,88.37999725341797,64.56999969482422
2024-06-28 04:00:00+00:00,197.8800048828125,59.08000183105469,2.609999895095825,,13.420000076293945,,
2024-06-30 22:00:00+00:00,,,,106.05000305175781,,89.13999938964844,64.80000305175781
2024-07-01 04:00:00+00:00,209.86000061035156,59.7400016784668,2.640000104904175,,13.920000076293945,,
2024-07-01 22:00:00+00:00,,,,105.75,,88.0199966430664,64.7300033569336
2024-07-02 04:00:00+00:00,231.25999450683594,58.959999084472656,2.75,,14.890000343322754,,
2024-07-02 22:00:00+00:00,,,,106.5,,88.44000244140625,65.30000305175781
2024-07-03 04:00:00+00:00,246.38999938964844,59.5,2.950000047683716,,14.649999618530273,,
2024-07-03 22:00:00+00:00,,,,107.5999984741211,,88.16000366210938,65.94000244140625
2024-07-04 22:00:00+00:00,,,,106.8499984741211,,87.69999694824219,65.47000122070312
2024-07-05 04:00:00+00:00,251.52000427246094,60.099998474121094,2.930000066757202,,14.789999961853027,,
2024-07-07 22:00:00+00:00,,,,106.80000305175781,,87.12000274658203,65.38999938964844
2024-07-08 04:00:00+00:00,252.94000244140625,59.45000076293945,3.1600000858306885,,15.489999771118164,,
2024-07-08 22:00:00+00:00,,,,106.5999984741211,,87.69999694824219,63.150001525878906
2024-07-09 04:00:00+00:00,262.3299865722656,60.400001525878906,3.0899999141693115,,15.710000038146973,,
2024-07-09 22:00:00+00:00,,,,106.25,,89.5,63.95000076293945
2024-07-10 04:00:00+00:00,263.260009765625,61.310001373291016,3.1500000953674316,,16.3700008392334,,
2024-07-10 22:00:00+00:00,,,,107.1500015258789,,91.0,64.0
2024-07-11 04:00:00+00:00,241.02999877929688,62.58000183105469,3.4000000953674316,,16.760000228881836,,
2024-07-11 22:00:00+00:00,,,,108.55000305175781,,92.18000030517578,64.77999877929688
2024-07-12 04:00:00+00:00,248.22999572753906,63.04999923706055,4.25,,18.110000610351562,,
2024-07-14 22:00:00+00:00,,,,108.19999694824219,,89.81999969482422,64.45999908447266
2024-07-15 04:00:00+00:00,252.63999938964844,62.25,3.609999895095825,,17.5,,
2024-07-15 22:00:00+00:00,,,,106.94999694824219,,88.87999725341797,63.54999923706055
2024-07-16 04:00:00+00:00,256.55999755859375,61.93000030517578,3.9700000286102295,,17.940000534057617,,
2024-07-16 22:00:00+00:00,,,,106.44999694824219,,89.69999694824219,63.349998474121094
2024-07-17 04:00:00+00:00,248.5,60.75,3.7899999618530273,,17.190000534057617,,
2024-07-17 22:00:00+00:00,,,,107.5999984741211,,91.31999969482422,64.4000015258789
2024-07-18 04:00:00+00:00,249.22999572753906,61.18000030517578,3.569999933242798,,16.899999618530273,,
2024-07-18 22:00:00+00:00,,,,105.5999984741211,,89.4800033569336,63.529998779296875
2024-07-19 04:00:00+00:00,239.1999969482422,62.04999923706055,3.5,,16.75,,
2024-07-21 22:00:00+00:00,,,,106.6500015258789,,90.91999816894531,64.25
2024-07-22 04:00:00+00:00,251.50999450683594,63.150001525878906,3.5899999141693115,,17.219999313354492,,
2024-07-22 22:00:00+00:00,,,,105.6500015258789,,90.0199966430664,63.970001220703125
2024-07-23 04:00:00+00:00,246.3800048828125,60.70000076293945,3.4749999046325684,,17.5,,
2024-07-23 22:00:00+00:00,,,,105.3499984741211,,89.0999984741211,63.459999084472656
2024-07-24 04:00:00+00:00,215.99000549316406,59.119998931884766,3.2799999713897705,,16.270000457763672,,
2024-07-24 22:00:00+00:00,,,,104.6500015258789,,88.19999694824219,62.959999084472656
2024-07-25 04:00:00+00:00,220.25,60.470001220703125,3.4600000381469727,,16.25,,
2024-07-25 22:00:00+00:00,,,,104.80000305175781,,87.55999755859375,63.02000045776367
2024-07-26 04:00:00+00:00,219.8000030517578,60.689998626708984,3.380000114440918,,16.209999084472656,,
2024-07-28 22:00:00+00:00,,,,104.30000305175781,,86.58000183105469,61.900001525878906
2024-07-29 04:00:00+00:00,232.10000610351562,59.29999923706055,3.4600000381469727,,16.299999237060547,,
2024-07-29 22:00:00+00:00,,,,104.05000305175781,,86.76000213623047,61.630001068115234
2024-07-30 04:00:00+00:00,222.6199951171875,57.349998474121094,3.4700000286102295,,16.219999313354492,,
2024-07-30 22:00:00+00:00,,,,103.19999694824219,,85.81999969482422,61.15999984741211
2024-07-31 04:00:00+00:00,232.07000732421875,59.529998779296875,3.5199999809265137,,16.40999984741211,,
2024-07-31 22:00:00+00:00,,,,99.18000030517578,,83.19999694824219,59.43000030517578
2024-08-01 04:00:00+00:00,216.86000061035156,57.2599983215332,3.2699999809265137,,15.239999771118164,,
2024-08-01 22:00:00+00:00,,,,96.86000061035156,,82.05999755859375,58.29999923706055
2024-08-02 04:00:00+00:00,207.6699981689453,55.7599983215332,3.119999885559082,,14.720000267028809,,
2024-08-04 22:00:00+00:00,,,,93.9000015258789,,79.81999969482422,56.91999816894531
2024-08-05 04:00:00+00:00,198.8800048828125,54.70000076293945,3.0,,14.609999656677246,,
2024-08-05 22:00:00+00:00,,,,93.08000183105469,,79.54000091552734,56.58000183105469
2024-08-06 04:00:00+00:00,200.63999938964844,53.849998474121094,3.0899999141693115,,14.800000190734863,,
2024-08-06 22:00:00+00:00,,,,94.30000305175781,,80.4000015258789,57.84000015258789
2024-08-07 04:00:00+00:00,191.75999450683594,53.77000045776367,2.9100000858306885,,13.78499984741211,,
2024-08-07 22:00:00+00:00,,,,94.26000213623047,,79.81999969482422,58.040000915527344
2024-08-08 04:00:00+00:00,198.83999633789062,53.95000076293945,3.1500000953674316,,14.720000267028809,,
2024-08-08 22:00:00+00:00,,,,93.94000244140625,,79.69999694824219,57.810001373291016
2024-08-09 04:00:00+00:00,200.0,54.9900016784668,3.190000057220459,,13.949999809265137,,
2024-08-11 22:00:00+00:00,,,,93.5,,78.9800033569336,57.47999954223633
2024-08-12 04:00:00+00:00,197.49000549316406,54.70000076293945,2.9000000953674316,,13.390000343322754,,
2024-08-12 22:00:00+00:00,,,,92.94000244140625,,79.31999969482422,57.439998626708984
2024-08-13 04:00:00+00:00,207.8300018310547,55.13999938964844,3.069999933242798,,13.539999961853027,,
2024-08-13 22:00:00+00:00,,,,92.62000274658203,,80.04000091552734,58.27000045776367
2024-08-14 04:00:00+00:00,201.3800048828125,54.720001220703125,3.130000114440918,,13.25,,
2024-08-14 22:00:00+00:00,,,,94.68000030517578,,81.4800033569336,59.59000015258789
2024-08-15 04:00:00+00:00,214.13999938964844,55.790000915527344,3.190000057220459,,13.760000228881836,,
2024-08-15 22:00:00+00:00,,,,95.26000213623047,,81.73999786376953,60.09000015258789
2024-08-16 04:00:00+00:00,216.1199951171875,57.060001373291016,3.1500000953674316,,13.210000038146973,,
2024-08-18 22:00:00+00:00,,,,96.30000305175781,,82.72000122070312,60.70000076293945
2024-08-19 04:00:00+00:00,222.72000122070312,57.349998474121094,3.25,,13.529999732971191,,
2024-08-19 22:00:00+00:00,,,,96.05999755859375,,82.66000366210938,60.959999084472656
2024-08-20 04:00:00+00:00,221.10000610351562,56.54999923706055,3.240000009536743,,13.199999809265137,,
2024-08-20 22:00:00+00:00,,,,96.4800033569336,,83.55999755859375,61.86000061035156
2024-08-21 04:00:00+00:00,223.27000427246094,57.880001068115234,3.5799999237060547,,13.069999694824219,,
2024-08-21 22:00:00+00:00,,,,96.5199966430664,,83.22000122070312,61.61000061035156
2024-08-22 04:00:00+00:00,210.66000366210938,57.540000915527344,3.8499999046325684,,12.8100004196167,,
2024-08-22 22:00:00+00:00,,,,97.0,,84.45999908447266,62.09000015258789
2024-08-23 04:00:00+00:00,220.32000732421875,58.119998931884766,4.199999809265137,,13.960000038146973,,
2024-08-25 22:00:00+00:00,,,,96.77999877929688,,84.80000305175781,62.310001373291016
2024-08-26 04:00:00+00:00,213.2100067138672,57.84000015258789,4.260000228881836,,14.359999656677246,,
2024-08-26 22:00:00+00:00,,,,96.81999969482422,,84.77999877929688,62.560001373291016
2024-08-27 04:00:00+00:00,209.2100067138672,58.380001068115234,4.110000133514404,,14.479999542236328,,
2024-08-27 22:00:00+00:00,,,,96.30000305175781,,83.54000091552734,62.13999938964844
2024-08-28 04:00:00+00:00,205.75,56.68000030517578,3.940000057220459,,13.829999923706055,,
2024-08-28 22:00:00+00:00,,,,96.13999938964844,,83.86000061035156,62.380001068115234
2024-08-29 04:00:00+00:00,206.27999877929688,58.459999084472656,3.9600000381469727,,14.09000015258789,,
2024-08-29 22:00:00+00:00,,,,96.18000030517578,,83.81999969482422,62.34000015258789
2024-08-30 04:00:00+00:00,214.11000061035156,60.959999084472656,4.019999980926514,,14.130000114440918,,
2024-09-01 22:00:00+00:00,,,,97.37999725341797,,83.13999938964844,61.959999084472656
2024-09-02 22:00:00+00:00,,,,96.22000122070312,,81.55999755859375,60.900001525878906
2024-09-03 04:00:00+00:00,210.60000610351562,59.70000076293945,3.819999933242798,,13.149999618530273,,
2024-09-03 22:00:00+00:00,,,,95.0199966430664,,80.54000091552734,59.88999938964844
2024-09-04 04:00:00+00:00,219.41000366210938,60.119998931884766,3.819999933242798,,13.279999732971191,,
2024-09-04 22:00:00+00:00,,,,94.81999969482422,,80.30000305175781,60.040000915527344
2024-09-05 04:00:00+00:00,230.1699981689453,60.83000183105469,3.630000114440918,,13.739999771118164,,
2024-09-05 22:00:00+00:00,,,,92.0,,78.19999694824219,58.45000076293945
2024-09-06 04:00:00+00:00,210.72999572753906,59.849998474121094,3.569999933242798,,13.229999542236328,,
2024-09-08 22:00:00+00:00,,,,91.76000213623047,,77.63999938964844,58.2400016784668
2024-09-09 04:00:00+00:00,216.27000427246094,60.61000061035156,3.4600000381469727,,13.079999923706055,,
2024-09-09 22:00:00+00:00,,,,88.66000366210938,,68.9800033569336,55.400001525878906
2024-09-10 04:00:00+00:00,226.1699981689453,60.15999984741211,3.5299999713897705,,13.229999542236328,,
2024-09-10 22:00:00+00:00,,,,89.19999694824219,,71.08000183105469,55.68000030517578
2024-09-11 04:00:00+00:00,228.1300048828125,61.91999816894531,3.9800000190734863,,13.930000305175781,,
2024-09-11 22:00:00+00:00,,,,89.95999908447266,,71.36000061035156,55.66999816894531
2024-09-12 04:00:00+00:00,229.80999755859375,61.18000030517578,3.9100000858306885,,13.720000267028809,,
2024-09-12 22:00:00+00:00,,,,92.37999725341797,,73.31999969482422,56.7400016784668
2024-09-13 04:00:00+00:00,230.2899932861328,61.279998779296875,3.940000057220459,,13.5,,
2024-09-15 22:00:00+00:00,,,,91.08000183105469,,72.5199966430664,56.540000915527344
2024-09-16 04:00:00+00:00,226.77999877929688,61.349998474121094,3.7699999809265137,,13.199999809265137,,
2024-09-16 22:00:00+00:00,,,,92.31999969482422,,72.91999816894531,57.16999816894531
2024-09-17 04:00:00+00:00,227.8699951171875,61.95000076293945,3.7799999713897705,,13.100000381469727,,
2024-09-17 22:00:00+00:00,,,,92.62000274658203,,74.5199966430664,57.61000061035156
2024-09-18 04:00:00+00:00,227.1999969482422,62.16999816894531,3.640000104904175,,12.899999618530273,,
2024-09-18 22:00:00+00:00,,,,93.83999633789062,,76.13999938964844,59.0099983215332
2024-09-19 04:00:00+00:00,243.9199981689453,63.209999084472656,3.609999895095825,,13.149999618530273,,
2024-09-19 22:00:00+00:00,,,,90.81999969482422,,73.63999938964844,54.9900016784668
2024-09-20 04:00:00+00:00,238.25,62.56999969482422,3.490000009536743,,11.710000038146973,,
2024-09-22 22:00:00+00:00,,,,92.76000213623047,,75.44000244140625,56.09000015258789
2024-09-23 04:00:00+00:00,250.0,62.22999954223633,3.4600000381469727,,11.90999984741211,,
2024-09-23 22:00:00+00:00,,,,94.26000213623047,,78.12000274658203,56.83000183105469
2024-09-24 04:00:00+00:00,254.27000427246094,65.80000305175781,3.559999942779541,,11.84000015258789,,
2024-09-24 22:00:00+00:00,,,,93.12000274658203,,75.66000366210938,55.880001068115234
2024-09-25 04:00:00+00:00,257.0199890136719,65.05000305175781,3.4200000762939453,,11.029999732971191,,
2024-09-25 22:00:00+00:00,,,,95.0199966430664,,78.54000091552734,57.709999084472656
2024-09-26 04:00:00+00:00,254.22000122070312,68.19999694824219,3.5399999618530273,,11.170000076293945,,
2024-09-26 22:00:00+00:00,,,,97.12000274658203,,81.13999938964844,59.4900016784668
2024-09-27 04:00:00+00:00,260.4599914550781,70.83999633789062,3.5899999141693115,,11.600000381469727,,
2024-09-29 22:00:00+00:00,,,,95.16000366210938,,79.18000030517578,58.040000915527344
2024-09-30 04:00:00+00:00,261.6300048828125,70.95999908447266,3.5299999713897705,,11.220000267028809,,
2024-09-30 22:00:00+00:00,,,,93.30000305175781,,77.73999786376953,57.5
2024-10-01 04:00:00+00:00,258.0199890136719,74.5,3.259999990463257,,10.4399995803833,,
2024-10-01 22:00:00+00:00,,,,92.83999633789062,,77.62000274658203,57.349998474121094
2024-10-02 04:00:00+00:00,249.02000427246094,76.31999969482422,3.3399999141693115,,10.640000343322754,,
2024-10-02 22:00:00+00:00,,,,91.37999725341797,,76.41999816894531,56.720001220703125
2024-10-03 04:00:00+00:00,240.66000366210938,76.06999969482422,3.390000104904175,,10.779999732971191,,
2024-10-03 22:00:00+00:00,,,,93.9800033569336,,77.76000213623047,57.31999969482422
2024-10-04 04:00:00+00:00,250.0800018310547,77.79000091552734,3.3399999141693115,,10.4399995803833,,
2024-10-06 22:00:00+00:00,,,,93.81999969482422,,77.83999633789062,57.66999816894531
2024-10-07 04:00:00+00:00,240.8300018310547,83.5199966430664,3.4200000762939453,,10.489999771118164,,
2024-10-07 22:00:00+00:00,,,,92.4800033569336,,76.26000213623047,56.439998626708984
2024-10-08 04:00:00+00:00,244.5,75.69999694824219,3.440000057220459,,10.470000267028809,,
2024-10-08 22:00:00+00:00,,,,93.44000244140625,,77.19999694824219,57.0
2024-10-09 04:00:00+00:00,241.0500030517578,74.86000061035156,3.390000104904175,,10.420000076293945,,
2024-10-09 22:00:00+00:00,,,,93.12000274658203,,76.63999938964844,57.20000076293945
2024-10-10 04:00:00+00:00,238.77000427246094,76.41000366210938,3.3299999237060547,,10.260000228881836,,
2024-10-10 22:00:00+00:00,,,,92.63999938964844,,75.77999877929688,57.81999969482422
2024-10-11 04:00:00+00:00,217.8000030517578,76.52999877929688,3.4000000953674316,,10.5,,
2024-10-13 22:00:00+00:00,,,,92.16000366210938,,76.23999786376953,57.7599983215332
2024-10-14 04:00:00+00:00,219.16000366210938,73.20999908447266,3.3299999237060547,,10.350000381469727,,
2024-10-14 22:00:00+00:00,,,,91.77999877929688,,75.27999877929688,57.27000045776367
2024-10-15 04:00:00+00:00,219.57000732421875,69.5,3.2699999809265137,,10.149999618530273,,
2024-10-15 22:00:00+00:00,,,,91.23999786376953,,74.73999786376953,56.77000045776367
2024-10-16 04:00:00+00:00,221.3300018310547,69.86000061035156,3.2799999713897705,,10.239999771118164,,
2024-10-16 22:00:00+00:00,,,,90.66000366210938,,74.76000213623047,56.900001525878906
2024-10-17 04:00:00+00:00,220.88999938964844,68.77999877929688,2.690000057220459,,10.119999885559082,,
2024-10-17 22:00:00+00:00,,,,91.91999816894531,,75.0999984741211,57.29999923706055
2024-10-18 04:00:00+00:00,220.6999969482422,73.58999633789062,2.630000114440918,,10.039999961853027,,
2024-10-20 22:00:00+00:00,,,,91.04000091552734,,74.87999725341797,57.0
2024-10-21 04:00:00+00:00,218.85000610351562,73.86000061035156,2.549999952316284,,10.029999732971191,,
2024-10-21 22:00:00+00:00,,,,91.31999969482422,,75.22000122070312,57.380001068115234
2024-10-22 04:00:00+00:00,217.97000122070312,73.5199966430664,2.609999895095825,,10.489999771118164,,
2024-10-22 22:00:00+00:00,,,,90.95999908447266,,75.55999755859375,57.529998779296875
2024-10-23 04:00:00+00:00,213.64999389648438,73.16999816894531,2.490000009536743,,10.15999984741211,,
2024-10-23 22:00:00+00:00,,,,92.9000015258789,,76.4800033569336,58.36000061035156
2024-10-24 04:00:00+00:00,260.4800109863281,73.41000366210938,2.5,,10.430000305175781,,
2024-10-24 22:00:00+00:00,,,,92.27999877929688,,76.0,57.790000915527344
2024-10-25 04:00:00+00:00,269.19000244140625,75.12999725341797,2.5,,10.449999809265137,,
2024-10-27 23:00:00+00:00,,,,91.86000061035156,,75.5199966430664,57.43000030517578
2024-10-28 04:00:00+00:00,262.510009765625,76.4000015258789,2.5199999809265137,,10.859999656677246,,
2024-10-28 23:00:00+00:00,,,,88.91999816894531,,74.30000305175781,56.95000076293945
2024-10-29 04:00:00+00:00,259.5199890136719,76.02999877929688,2.440000057220459,,10.470000267028809,,
2024-10-29 23:00:00+00:00,,,,89.87999725341797,,73.44000244140625,56.400001525878906
2024-10-30 04:00:00+00:00,257.54998779296875,76.5,2.3499999046325684,,10.390000343322754,,
2024-10-30 23:00:00+00:00,,,,88.94000244140625,,72.31999969482422,55.70000076293945
2024-10-31 04:00:00+00:00,249.85000610351562,72.75,2.2100000381469727,,10.100000381469727,,
2024-10-31 23:00:00+00:00,,,,88.5,,72.31999969482422,55.70000076293945
2024-11-01 04:00:00+00:00,248.97999572753906,72.05000305175781,2.200000047683716,,10.180000305175781,,
2024-11-03 23:00:00+00:00,,,,88.26000213623047,,72.69999694824219,56.18000030517578
2024-11-04 05:00:00+00:00,242.83999633789062,73.4800033569336,2.240000009536743,,10.289999961853027,,
2024-11-04 23:00:00+00:00,,,,88.08000183105469,,72.62000274658203,55.900001525878906
2024-11-05 05:00:00+00:00,251.44000244140625,75.33999633789062,2.25,,10.59000015258789,,
2024-11-05 23:00:00+00:00,,,,84.31999969482422,,67.83999633789062,52.29999923706055
2024-11-06 05:00:00+00:00,288.5299987792969,71.93000030517578,2.130000114440918,,9.710000038146973,,
2024-11-06 23:00:00+00:00,,,,85.77999877929688,,69.81999969482422,53.77000045776367
2024-11-07 05:00:00+00:00,296.9100036621094,73.8499984741211,2.2200000286102295,,10.050000190734863,,
2024-11-07 23:00:00+00:00,,,,84.13999938964844,,67.58000183105469,52.36000061035156
2024-11-08 05:00:00+00:00,321.2200012207031,70.51000213623047,2.2100000381469727,,10.59000015258789,,
2024-11-10 23:00:00+00:00,,,,84.54000091552734,,67.83999633789062,52.849998474121094
2024-11-11 05:00:00+00:00,350.0,70.93000030517578,2.3399999141693115,,11.039999961853027,,
2024-11-11 23:00:00+00:00,,,,83.91999816894531,,67.22000122070312,52.060001373291016
2024-11-12 05:00:00+00:00,328.489990234375,69.69999694824219,2.140000104904175,,10.579999923706055,,
2024-11-12 23:00:00+00:00,,,,81.86000061035156,,65.95999908447266,51.439998626708984
2024-11-13 05:00:00+00:00,330.239990234375,69.83999633789062,2.180000066757202,,12.029999732971191,,
2024-11-13 23:00:00+00:00,,,,83.31999969482422,,67.63999938964844,52.470001220703125
2024-11-14 05:00:00+00:00,311.17999267578125,67.72000122070312,2.0799999237060547,,10.3100004196167,,
2024-11-14 23:00:00+00:00,,,,83.9800033569336,,67.91999816894531,52.95000076293945
2024-11-15 05:00:00+00:00,320.7200012207031,67.83000183105469,2.009999990463257,,10.0600004196167,,
2024-11-17 23:00:00+00:00,,,,83.94000244140625,,68.72000122070312,53.5099983215332
2024-11-18 05:00:00+00:00,338.739990234375,69.02999877929688,2.140000104904175,,10.069999694824219,,
2024-11-18 23:00:00+00:00,,,,82.9800033569336,,69.05999755859375,52.869998931884766
2024-11-19 05:00:00+00:00,346.0,68.41000366210938,2.0999999046325684,,10.170000076293945,,
2024-11-19 23:00:00+00:00,,,,81.76000213623047,,68.5,51.88999938964844
2024-11-20 05:00:00+00:00,342.0299987792969,67.86000061035156,2.0299999713897705,,10.050000190734863,,
2024-11-20 23:00:00+00:00,,,,81.23999786376953,,67.94000244140625,51.849998474121094
2024-11-21 05:00:00+00:00,339.6400146484375,67.62999725341797,2.059999942779541,,10.020000457763672,,
2024-11-21 23:00:00+00:00,,,,81.80000305175781,,67.80000305175781,52.27000045776367
2024-11-22 05:00:00+00:00,352.55999755859375,66.77999877929688,2.0999999046325684,,10.239999771118164,,
2024-11-24 23:00:00+00:00,,,,81.80000305175781,,69.30000305175781,52.83000183105469
2024-11-25 05:00:00+00:00,338.5899963378906,66.66000366210938,2.1700000762939453,,11.600000381469727,,
2024-11-25 23:00:00+00:00,,,,80.44000244140625,,68.4800033569336,52.279998779296875
2024-11-26 05:00:00+00:00,338.2300109863281,65.72000122070312,2.134999990463257,,11.550000190734863,,
2024-11-26 23:00:00+00:00,,,,80.31999969482422,,68.4000015258789,52.33000183105469
2024-11-27 05:00:00+00:00,332.8900146484375,66.68000030517578,2.1700000762939453,,12.220000267028809,,
2024-11-27 23:00:00+00:00,,,,80.31999969482422,,68.4000015258789,52.33000183105469
2024-11-28 23:00:00+00:00,,,,80.72000122070312,,70.0199966430664,52.959999084472656
2024-11-29 05:00:00+00:00,345.1600036621094,65.91000366210938,2.180000066757202,,12.229999542236328,,
2024-12-01 23:00:00+00:00,,,,80.66000366210938,,71.87999725341797,53.349998474121094
2024-12-02 05:00:00+00:00,357.0899963378906,67.27999877929688,2.130000114440918,,11.869999885559082,,
2024-12-02 23:00:00+00:00,,,,80.36000061035156,,71.80000305175781,52.0
2024-12-03 05:00:00+00:00,351.4200134277344,67.0999984741211,2.119999885559082,,11.880000114440918,,
2024-12-03 23:00:00+00:00,,,,81.37999725341797,,73.44000244140625,53.040000915527344
2024-12-04 05:00:00+00:00,357.92999267578125,66.58999633789062,2.0999999046325684,,11.960000038146973,,
2024-12-04 23:00:00+00:00,,,,82.18000030517578,,75.19999694824219,53.380001068115234
2024-12-05 05:00:00+00:00,369.489990234375,65.83000183105469,2.0899999141693115,,12.34000015258789,,
2024-12-05 23:00:00+00:00,,,,83.13999938964844,,77.23999786376953,53.779998779296875
2024-12-06 05:00:00+00:00,389.2200012207031,68.0,2.299999952316284,,13.0,,
2024-12-08 23:00:00+00:00,,,,84.33999633789062,,79.19999694824219,55.52000045776367
2024-12-09 05:00:00+00:00,389.7900085449219,72.66000366210938,2.549999952316284,,14.449999809265137,,
2024-12-09 23:00:00+00:00,,,,84.33999633789062,,79.19999694824219,55.52000045776367
2024-12-10 05:00:00+00:00,400.989990234375,70.13999938964844,2.359999895095825,,14.0600004196167,,
2024-12-10 23:00:00+00:00,,,,86.0999984741211,,78.4800033569336,55.689998626708984
2024-12-11 05:00:00+00:00,424.7699890136719,70.33999633789062,2.430000066757202,,13.760000228881836,,
2024-12-11 23:00:00+00:00,,,,86.83999633789062,,79.9800033569336,56.2599983215332
2024-12-12 05:00:00+00:00,418.1000061035156,71.2699966430664,2.5399999618530273,,14.199999809265137,,
2024-12-12 23:00:00+00:00,,,,88.0199966430664,,80.16000366210938,56.529998779296875
2024-12-13 05:00:00+00:00,436.2300109863281,69.18000030517578,2.5799999237060547,,14.369999885559082,,
2024-12-15 23:00:00+00:00,,,,86.23999786376953,,77.62000274658203,54.349998474121094
2024-12-16 05:00:00+00:00,463.0199890136719,67.18000030517578,2.7300000190734863,,15.34000015258789,,
2024-12-16 23:00:00+00:00,,,,86.66000366210938,,78.36000061035156,54.04999923706055
2024-12-17 05:00:00+00:00,479.8599853515625,68.98999786376953,2.759999990463257,,14.699999809265137,,
2024-12-17 23:00:00+00:00,,,,87.63999938964844,,78.0,53.939998626708984
2024-12-18 05:00:00+00:00,440.1300048828125,67.8499984741211,2.5299999713897705,,13.0600004196167,,
2024-12-18 23:00:00+00:00,,,,87.31999969482422,,77.27999877929688,53.470001220703125
2024-12-19 05:00:00+00:00,436.1700134277344,68.69000244140625,2.630000114440918,,13.0600004196167,,
2024-12-19 23:00:00+00:00,,,,88.80000305175781,,77.58000183105469,53.45000076293945
2024-12-20 05:00:00+00:00,421.05999755859375,69.0999984741211,3.0199999809265137,,13.829999923706055,,
2024-12-22 23:00:00+00:00,,,,87.04000091552734,,76.94000244140625,52.720001220703125
2024-12-23 05:00:00+00:00,430.6000061035156,69.08999633789062,3.0999999046325684,,13.75,,
2024-12-24 05:00:00+00:00,462.2799987792969,71.1500015258789,3.200000047683716,,14.0600004196167,,
2024-12-26 05:00:00+00:00,454.1300048828125,71.08999633789062,3.299999952316284,,14.039999961853027,,
2024-12-26 23:00:00+00:00,,,,88.66000366210938,,78.33999633789062,53.54999923706055
2024-12-27 05:00:00+00:00,431.6600036621094,70.04000091552734,3.200000047683716,,13.649999618530273,,
2024-12-29 23:00:00+00:00,,,,88.66000366210938,,78.9800033569336,53.79999923706055
2024-12-30 05:00:00+00:00,417.4100036621094,68.52999877929688,3.1500000953674316,,13.579999923706055,,
2024-12-31 05:00:00+00:00,403.8399963378906,67.97000122070312,3.0199999809265137,,13.300000190734863,,
2025-01-01 23:00:00+00:00,,,,87.36000061035156,,78.0999984741211,52.880001068115234
2025-01-02 05:00:00+00:00,379.2799987792969,66.5999984741211,3.0299999713897705,,13.25,,
2025-01-02 23:00:00+00:00,,,,86.81999969482422,,76.41999816894531,52.45000076293945
2025-01-03 05:00:00+00:00,410.44000244140625,67.33999633789062,3.2899999618530273,,16.489999771118164,,
2025-01-05 23:00:00+00:00,,,,89.4800033569336,,79.80000305175781,54.34000015258789
2025-01-06 05:00:00+00:00,411.04998779296875,66.1500015258789,3.3299999237060547,,15.71500015258789,,
2025-01-06 23:00:00+00:00,,,,89.77999877929688,,78.86000061035156,54.31999969482422
2025-01-07 05:00:00+00:00,394.3599853515625,66.7300033569336,3.180000066757202,,14.949999809265137,,
2025-01-07 23:00:00+00:00,,,,89.31999969482422,,76.76000213623047,53.310001373291016
2025-01-08 05:00:00+00:00,394.94000244140625,65.5,2.9800000190734863,,14.210000038146973,,
2025-01-08 23:00:00+00:00,,,,89.69999694824219,,75.5199966430664,53.060001373291016
2025-01-09 23:00:00+00:00,,,,90.36000061035156,,76.37999725341797,55.040000915527344
2025-01-10 05:00:00+00:00,394.739990234375,64.1500015258789,3.0199999809265137,,13.850000381469727,,
2025-01-12 23:00:00+00:00,,,,90.9000015258789,,76.22000122070312,55.45000076293945
2025-01-13 05:00:00+00:00,403.30999755859375,63.70000076293945,3.009999990463257,,13.489999771118164,,
2025-01-13 23:00:00+00:00,,,,91.87999725341797,,75.9800033569336,55.54999923706055
2025-01-14 05:00:00+00:00,396.3599853515625,66.16000366210938,2.9600000381469727,,13.34000015258789,,
2025-01-14 23:00:00+00:00,,,,93.33999633789062,,77.04000091552734,56.29999923706055
2025-01-15 05:00:00+00:00,428.2200012207031,66.80999755859375,3.0399999618530273,,13.9399995803833,,
2025-01-15 23:00:00+00:00,,,,92.94000244140625,,76.23999786376953,55.15999984741211
2025-01-16 05:00:00+00:00,413.82000732421875,66.75,3.0799999237060547,,14.4399995803833,,
2025-01-16 23:00:00+00:00,,,,93.41999816894531,,77.0999984741211,55.09000015258789
2025-01-17 05:00:00+00:00,426.5,68.08999633789062,3.069999933242798,,14.210000038146973,,
2025-01-19 23:00:00+00:00,,,,95.0,,79.26000213623047,56.369998931884766
2025-01-20 23:00:00+00:00,,,,94.26000213623047,,79.26000213623047,56.369998931884766
2025-01-21 05:00:00+00:00,424.07000732421875,70.66000366210938,2.859999895095825,,13.289999961853027,,
2025-01-21 23:00:00+00:00,,,,93.83999633789062,,78.22000122070312,56.25
2025-01-22 05:00:00+00:00,415.1099853515625,70.9800033569336,2.6700000762939453,,12.6899995803833,,
2025-01-22 23:00:00+00:00,,,,95.4000015258789,,77.37999725341797,55.81999969482422
2025-01-23 05:00:00+00:00,412.3800048828125,69.62000274658203,2.7200000286102295,,12.489999771118164,,
2025-01-23 23:00:00+00:00,,,,95.4000015258789,,77.37999725341797,55.81999969482422
2025-01-24 05:00:00+00:00,406.5799865722656,70.5199966430664,2.7899999618530273,,12.770000457763672,,
2025-01-26 23:00:00+00:00,,,,97.9800033569336,,81.04000091552734,57.619998931884766
2025-01-27 05:00:00+00:00,397.1499938964844,70.30000305175781,2.75,,12.850000381469727,,
2025-01-27 23:00:00+00:00,,,,97.81999969482422,,78.80000305175781,58.439998626708984
2025-01-28 05:00:00+00:00,398.0899963378906,70.36000061035156,2.7699999809265137,,12.710000038146973,,
2025-01-28 23:00:00+00:00,,,,97.5199966430664,,79.30000305175781,58.7400016784668
2025-01-29 05:00:00+00:00,389.1000061035156,70.3499984741211,2.6700000762939453,,12.420000076293945,,
2025-01-29 23:00:00+00:00,,,,97.81999969482422,,79.87999725341797,59.33000183105469
2025-01-30 05:00:00+00:00,400.2799987792969,71.5999984741211,2.7200000286102295,,12.510000228881836,,
2025-01-30 23:00:00+00:00,,,,98.63999938964844,,78.5999984741211,58.91999816894531
2025-01-31 05:00:00+00:00,404.6000061035156,70.08000183105469,2.759999990463257,,12.5600004196167,,
2025-02-02 23:00:00+00:00,,,,94.5999984741211,,76.72000122070312,57.209999084472656
2025-02-03 05:00:00+00:00,383.67999267578125,70.91999816894531,2.799999952316284,,12.390000343322754,,
2025-02-03 23:00:00+00:00,,,,94.66000366210938,,77.16000366210938,57.34000015258789
2025-02-04 05:00:00+00:00,392.2099914550781,73.30999755859375,2.930000066757202,,12.869999885559082,,
2025-02-04 23:00:00+00:00,,,,93.37999725341797,,76.31999969482422,56.650001525878906
2025-02-05 05:00:00+00:00,378.1700134277344,72.76000213623047,2.9100000858306885,,12.770000457763672,,
2025-02-05 23:00:00+00:00,,,,95.9000015258789,,77.62000274658203,57.52000045776367
2025-02-06 05:00:00+00:00,374.32000732421875,79.55000305175781,2.890000104904175,,12.800000190734863,,
2025-02-06 23:00:00+00:00,,,,93.72000122070312,,76.37999725341797,56.880001068115234
2025-02-07 05:00:00+00:00,361.6199951171875,84.52999877929688,2.8299999237060547,,12.479999542236328,,
2025-02-09 23:00:00+00:00,,,,93.72000122070312,,76.37999725341797,56.880001068115234
2025-02-10 05:00:00+00:00,350.7300109863281,86.62000274658203,2.7699999809265137,,12.989999771118164,,
2025-02-10 23:00:00+00:00,,,,93.33999633789062,,76.22000122070312,57.18000030517578
2025-02-11 05:00:00+00:00,328.5,84.87000274658203,2.690000057220459,,12.4399995803833,,
2025-02-11 23:00:00+00:00,,,,93.73999786376953,,76.23999786376953,58.0
2025-02-12 05:00:00+00:00,336.510009765625,91.56999969482422,2.869999885559082,,12.479999542236328,,
2025-02-12 23:00:00+00:00,,,,99.77999877929688,,80.86000061035156,61.130001068115234
2025-02-13 05:00:00+00:00,355.94000244140625,88.3499984741211,3.259999990463257,,13.300000190734863,,
2025-02-13 23:00:00+00:00,,,,100.19999694824219,,82.95999908447266,61.31999969482422
2025-02-14 05:00:00+00:00,355.8399963378906,93.37999725341797,3.309999942779541,,14.029999732971191,,
